component_id,entity_id,standard_name,normalized_name,original_name,frequency,avg_similarity,min_similarity,issues,decision,notes
3,non_financial_3,WYSE TECHNOLOGY LLC,WYSE TECHNOLOGY LLC,WYSE TECHNOLOGY L.L.C.,51331,89.73684210526315,89.47368421052632,['Similitud promedio baja: 89.7%'],,
3,non_financial_3,WYSE TECHNOLOGY LLC,WYSE TECHNOLOGY INC A DE CORP,"WYSE TECHNOLOGY INC., A DE CORP.",2,89.73684210526315,89.47368421052632,['Similitud promedio baja: 89.7%'],,
3,non_financial_3,WYSE TECHNOLOGY LLC,WYSE TECHNOLOGY INC,WYSE TECHNOLOGY INC.,4,89.73684210526315,89.47368421052632,['Similitud promedio baja: 89.7%'],,
29,non_financial_29,AGERE SYSTEMS LLC,AGERE SYSTEMS LLC,AGERE SYSTEMS LLC,9700,88.23529411764706,88.23529411764706,['Similitud promedio baja: 88.2%'],,
29,non_financial_29,AGERE SYSTEMS LLC,AGERE SYSTEMS INC,AGERE SYSTEMS INC.,1,88.23529411764706,88.23529411764706,['Similitud promedio baja: 88.2%'],,
55,non_financial_55,OCTEL COMMUNICATIONS LLC,OCTEL COMMUNICATIONS LLC,OCTEL COMMUNICATIONS LLC,5180,89.79591836734694,89.79591836734694,['Similitud promedio baja: 89.8%'],,
55,non_financial_55,OCTEL COMMUNICATIONS LLC,OCTEL COMMUNICATIONS CORP,OCTEL COMMUNICATIONS CORPORATION,1338,89.79591836734694,89.79591836734694,['Similitud promedio baja: 89.8%'],,
70,non_financial_70,PRECISION EQUIPMENT CO INC,PRECISION SHOOTING EQUIPMENT INC,"PRECISION SHOOTING EQUIPMENT, INC.",1,89.18367346938776,89.18367346938776,['Similitud promedio baja: 89.2%'],,
70,non_financial_70,PRECISION EQUIPMENT CO INC,PRECISION EQUIPMENT CO INC,"PRECISION EQUIPMENT COMPANY, INC.",1,89.18367346938776,89.18367346938776,['Similitud promedio baja: 89.2%'],,
90,non_financial_90,SEMICONDUCTOR COMPONENTS INDUSTRIES LLC,SEMICONDUCTOR COMPONENTS INDUSTRIES OF RHODE ISLAND INC,"SEMICONDUCTOR COMPONENTS INDUSTRIES OF RHODE ISLAND, INC.",245,89.86486486486486,89.86486486486486,['Similitud promedio baja: 89.9%'],,
90,non_financial_90,SEMICONDUCTOR COMPONENTS INDUSTRIES LLC,SEMICONDUCTOR COMPONENTS INDUSTRIES LLC,"SEMICONDUCTOR COMPONENTS INDUSTRIES, LLC",3037,89.86486486486486,89.86486486486486,['Similitud promedio baja: 89.9%'],,
94,non_financial_94,CHARTER ADVANCED SERVICES AL LLC,CHARTER ADVANCED SERVICES AL LLC,"CHARTER ADVANCED SERVICES (AL), LLC",692,93.8865599998777,90.327868852459,['Grupo muy grande: 37 nombres'],,
94,non_financial_94,CHARTER ADVANCED SERVICES AL LLC,CHARTER ADVANCED SERVICES CA LLC,"CHARTER ADVANCED SERVICES (CA), LLC",692,93.8865599998777,90.327868852459,['Grupo muy grande: 37 nombres'],,
94,non_financial_94,CHARTER ADVANCED SERVICES AL LLC,CHARTER ADVANCED SERVICES CO LLC,"CHARTER ADVANCED SERVICES (CO), LLC",692,93.8865599998777,90.327868852459,['Grupo muy grande: 37 nombres'],,
94,non_financial_94,CHARTER ADVANCED SERVICES AL LLC,CHARTER ADVANCED SERVICES CT LLC,"CHARTER ADVANCED SERVICES (CT), LLC",692,93.8865599998777,90.327868852459,['Grupo muy grande: 37 nombres'],,
94,non_financial_94,CHARTER ADVANCED SERVICES AL LLC,CHARTER ADVANCED SERVICES GA LLC,"CHARTER ADVANCED SERVICES (GA), LLC",692,93.8865599998777,90.327868852459,['Grupo muy grande: 37 nombres'],,
94,non_financial_94,CHARTER ADVANCED SERVICES AL LLC,CHARTER ADVANCED SERVICES IL LLC,"CHARTER ADVANCED SERVICES (IL), LLC",692,93.8865599998777,90.327868852459,['Grupo muy grande: 37 nombres'],,
94,non_financial_94,CHARTER ADVANCED SERVICES AL LLC,CHARTER ADVANCED SERVICES IN LLC,"CHARTER ADVANCED SERVICES (IN), LLC",692,93.8865599998777,90.327868852459,['Grupo muy grande: 37 nombres'],,
94,non_financial_94,CHARTER ADVANCED SERVICES AL LLC,CHARTER ADVANCED SERVICES KY LLC,"CHARTER ADVANCED SERVICES (KY), LLC",692,93.8865599998777,90.327868852459,['Grupo muy grande: 37 nombres'],,
94,non_financial_94,CHARTER ADVANCED SERVICES AL LLC,CHARTER ADVANCED SERVICES LA LLC,"CHARTER ADVANCED SERVICES (LA), LLC",692,93.8865599998777,90.327868852459,['Grupo muy grande: 37 nombres'],,
94,non_financial_94,CHARTER ADVANCED SERVICES AL LLC,CHARTER ADVANCED SERVICES MA LLC,"CHARTER ADVANCED SERVICES (MA), LLC",692,93.8865599998777,90.327868852459,['Grupo muy grande: 37 nombres'],,
94,non_financial_94,CHARTER ADVANCED SERVICES AL LLC,CHARTER ADVANCED SERVICES MD LLC,"CHARTER ADVANCED SERVICES (MD), LLC",692,93.8865599998777,90.327868852459,['Grupo muy grande: 37 nombres'],,
94,non_financial_94,CHARTER ADVANCED SERVICES AL LLC,CHARTER ADVANCED SERVICES MI LLC,"CHARTER ADVANCED SERVICES (MI), LLC",692,93.8865599998777,90.327868852459,['Grupo muy grande: 37 nombres'],,
94,non_financial_94,CHARTER ADVANCED SERVICES AL LLC,CHARTER ADVANCED SERVICES MN LLC,"CHARTER ADVANCED SERVICES (MN), LLC",692,93.8865599998777,90.327868852459,['Grupo muy grande: 37 nombres'],,
94,non_financial_94,CHARTER ADVANCED SERVICES AL LLC,CHARTER ADVANCED SERVICES MO LLC,"CHARTER ADVANCED SERVICES (MO), LLC",692,93.8865599998777,90.327868852459,['Grupo muy grande: 37 nombres'],,
94,non_financial_94,CHARTER ADVANCED SERVICES AL LLC,CHARTER ADVANCED SERVICES MS LLC,"CHARTER ADVANCED SERVICES (MS), LLC",692,93.8865599998777,90.327868852459,['Grupo muy grande: 37 nombres'],,
94,non_financial_94,CHARTER ADVANCED SERVICES AL LLC,CHARTER ADVANCED SERVICES MT LLC,"CHARTER ADVANCED SERVICES (MT), LLC",692,93.8865599998777,90.327868852459,['Grupo muy grande: 37 nombres'],,
94,non_financial_94,CHARTER ADVANCED SERVICES AL LLC,CHARTER ADVANCED SERVICES NC LLC,"CHARTER ADVANCED SERVICES (NC), LLC",692,93.8865599998777,90.327868852459,['Grupo muy grande: 37 nombres'],,
94,non_financial_94,CHARTER ADVANCED SERVICES AL LLC,CHARTER ADVANCED SERVICES NE LLC,"CHARTER ADVANCED SERVICES (NE), LLC",692,93.8865599998777,90.327868852459,['Grupo muy grande: 37 nombres'],,
94,non_financial_94,CHARTER ADVANCED SERVICES AL LLC,CHARTER ADVANCED SERVICES NH LLC,"CHARTER ADVANCED SERVICES (NH), LLC",692,93.8865599998777,90.327868852459,['Grupo muy grande: 37 nombres'],,
94,non_financial_94,CHARTER ADVANCED SERVICES AL LLC,CHARTER ADVANCED SERVICES NV LLC,"CHARTER ADVANCED SERVICES (NV), LLC",692,93.8865599998777,90.327868852459,['Grupo muy grande: 37 nombres'],,
94,non_financial_94,CHARTER ADVANCED SERVICES AL LLC,CHARTER ADVANCED SERVICES NY LLC,"CHARTER ADVANCED SERVICES (NY), LLC",692,93.8865599998777,90.327868852459,['Grupo muy grande: 37 nombres'],,
94,non_financial_94,CHARTER ADVANCED SERVICES AL LLC,CHARTER ADVANCED SERVICES OH LLC,"CHARTER ADVANCED SERVICES (OH), LLC",692,93.8865599998777,90.327868852459,['Grupo muy grande: 37 nombres'],,
94,non_financial_94,CHARTER ADVANCED SERVICES AL LLC,CHARTER ADVANCED SERVICES OR LLC,"CHARTER ADVANCED SERVICES (OR), LLC",692,93.8865599998777,90.327868852459,['Grupo muy grande: 37 nombres'],,
94,non_financial_94,CHARTER ADVANCED SERVICES AL LLC,CHARTER ADVANCED SERVICES PA LLC,"CHARTER ADVANCED SERVICES (PA), LLC",692,93.8865599998777,90.327868852459,['Grupo muy grande: 37 nombres'],,
94,non_financial_94,CHARTER ADVANCED SERVICES AL LLC,CHARTER ADVANCED SERVICES SC LLC,"CHARTER ADVANCED SERVICES (SC), LLC",692,93.8865599998777,90.327868852459,['Grupo muy grande: 37 nombres'],,
94,non_financial_94,CHARTER ADVANCED SERVICES AL LLC,CHARTER ADVANCED SERVICES TN LLC,"CHARTER ADVANCED SERVICES (TN), LLC",692,93.8865599998777,90.327868852459,['Grupo muy grande: 37 nombres'],,
94,non_financial_94,CHARTER ADVANCED SERVICES AL LLC,CHARTER ADVANCED SERVICES TX LLC,"CHARTER ADVANCED SERVICES (TX), LLC",692,93.8865599998777,90.327868852459,['Grupo muy grande: 37 nombres'],,
94,non_financial_94,CHARTER ADVANCED SERVICES AL LLC,CHARTER ADVANCED SERVICES UT LLC,"CHARTER ADVANCED SERVICES (UT), LLC",692,93.8865599998777,90.327868852459,['Grupo muy grande: 37 nombres'],,
94,non_financial_94,CHARTER ADVANCED SERVICES AL LLC,CHARTER ADVANCED SERVICES VA LLC,"CHARTER ADVANCED SERVICES (VA), LLC",692,93.8865599998777,90.327868852459,['Grupo muy grande: 37 nombres'],,
94,non_financial_94,CHARTER ADVANCED SERVICES AL LLC,CHARTER ADVANCED SERVICES VT LLC,"CHARTER ADVANCED SERVICES (VT), LLC",692,93.8865599998777,90.327868852459,['Grupo muy grande: 37 nombres'],,
94,non_financial_94,CHARTER ADVANCED SERVICES AL LLC,CHARTER ADVANCED SERVICES WA LLC,"CHARTER ADVANCED SERVICES (WA), LLC",692,93.8865599998777,90.327868852459,['Grupo muy grande: 37 nombres'],,
94,non_financial_94,CHARTER ADVANCED SERVICES AL LLC,CHARTER ADVANCED SERVICES WI LLC,"CHARTER ADVANCED SERVICES (WI), LLC",692,93.8865599998777,90.327868852459,['Grupo muy grande: 37 nombres'],,
94,non_financial_94,CHARTER ADVANCED SERVICES AL LLC,CHARTER ADVANCED SERVICES WV LLC,"CHARTER ADVANCED SERVICES (WV), LLC",692,93.8865599998777,90.327868852459,['Grupo muy grande: 37 nombres'],,
94,non_financial_94,CHARTER ADVANCED SERVICES AL LLC,CHARTER ADVANCED SERVICES WY LLC,"CHARTER ADVANCED SERVICES (WY), LLC",692,93.8865599998777,90.327868852459,['Grupo muy grande: 37 nombres'],,
94,non_financial_94,CHARTER ADVANCED SERVICES AL LLC,CHARTER ADVANCED SERVICES VIII MI LLC,"CHARTER ADVANCED SERVICES VIII (MI), LLC",692,93.8865599998777,90.327868852459,['Grupo muy grande: 37 nombres'],,
94,non_financial_94,CHARTER ADVANCED SERVICES AL LLC,CHARTER ADVANCED SERVICES VIII MN LLC,"CHARTER ADVANCED SERVICES VIII (MN), LLC",692,93.8865599998777,90.327868852459,['Grupo muy grande: 37 nombres'],,
94,non_financial_94,CHARTER ADVANCED SERVICES AL LLC,CHARTER ADVANCED SERVICES VIII WI LLC,"CHARTER ADVANCED SERVICES VIII (WI), LLC",692,93.8865599998777,90.327868852459,['Grupo muy grande: 37 nombres'],,
107,non_financial_107,TIME WARNER CABLE INFORMATION SERVICES ALABAMA LLC,TIME WARNER CABLE INFORMATION SERVICES ALABAMA LLC,"TIME WARNER CABLE INFORMATION SERVICES (ALABAMA), LLC",692,90.04456810120826,88.0,['Grupo muy grande: 29 nombres'],,
107,non_financial_107,TIME WARNER CABLE INFORMATION SERVICES ALABAMA LLC,TIME WARNER CABLE INFORMATION SERVICES ARIZONA LLC,"TIME WARNER CABLE INFORMATION SERVICES (ARIZONA), LLC",692,90.04456810120826,88.0,['Grupo muy grande: 29 nombres'],,
107,non_financial_107,TIME WARNER CABLE INFORMATION SERVICES ALABAMA LLC,TIME WARNER CABLE INFORMATION SERVICES CALIFORNIA LLC,"TIME WARNER CABLE INFORMATION SERVICES (CALIFORNIA), LLC",692,90.04456810120826,88.0,['Grupo muy grande: 29 nombres'],,
107,non_financial_107,TIME WARNER CABLE INFORMATION SERVICES ALABAMA LLC,TIME WARNER CABLE INFORMATION SERVICES COLORADO LLC,"TIME WARNER CABLE INFORMATION SERVICES (COLORADO), LLC",692,90.04456810120826,88.0,['Grupo muy grande: 29 nombres'],,
107,non_financial_107,TIME WARNER CABLE INFORMATION SERVICES ALABAMA LLC,TIME WARNER CABLE INFORMATION SERVICES HAWAII LLC,"TIME WARNER CABLE INFORMATION SERVICES (HAWAII), LLC",692,90.04456810120826,88.0,['Grupo muy grande: 29 nombres'],,
107,non_financial_107,TIME WARNER CABLE INFORMATION SERVICES ALABAMA LLC,TIME WARNER CABLE INFORMATION SERVICES IDAHO LLC,"TIME WARNER CABLE INFORMATION SERVICES (IDAHO), LLC",692,90.04456810120826,88.0,['Grupo muy grande: 29 nombres'],,
107,non_financial_107,TIME WARNER CABLE INFORMATION SERVICES ALABAMA LLC,TIME WARNER CABLE INFORMATION SERVICES ILLINOIS LLC,"TIME WARNER CABLE INFORMATION SERVICES (ILLINOIS), LLC",692,90.04456810120826,88.0,['Grupo muy grande: 29 nombres'],,
107,non_financial_107,TIME WARNER CABLE INFORMATION SERVICES ALABAMA LLC,TIME WARNER CABLE INFORMATION SERVICES INDIANA LLC,"TIME WARNER CABLE INFORMATION SERVICES (INDIANA), LLC",692,90.04456810120826,88.0,['Grupo muy grande: 29 nombres'],,
107,non_financial_107,TIME WARNER CABLE INFORMATION SERVICES ALABAMA LLC,TIME WARNER CABLE INFORMATION SERVICES KANSAS LLC,"TIME WARNER CABLE INFORMATION SERVICES (KANSAS), LLC",692,90.04456810120826,88.0,['Grupo muy grande: 29 nombres'],,
107,non_financial_107,TIME WARNER CABLE INFORMATION SERVICES ALABAMA LLC,TIME WARNER CABLE INFORMATION SERVICES KENTUCKY LLC,"TIME WARNER CABLE INFORMATION SERVICES (KENTUCKY), LLC",692,90.04456810120826,88.0,['Grupo muy grande: 29 nombres'],,
107,non_financial_107,TIME WARNER CABLE INFORMATION SERVICES ALABAMA LLC,TIME WARNER CABLE INFORMATION SERVICES MAINE LLC,"TIME WARNER CABLE INFORMATION SERVICES (MAINE), LLC",692,90.04456810120826,88.0,['Grupo muy grande: 29 nombres'],,
107,non_financial_107,TIME WARNER CABLE INFORMATION SERVICES ALABAMA LLC,TIME WARNER CABLE INFORMATION SERVICES MASSACHUSETTS LLC,"TIME WARNER CABLE INFORMATION SERVICES (MASSACHUSETTS), LLC",692,90.04456810120826,88.0,['Grupo muy grande: 29 nombres'],,
107,non_financial_107,TIME WARNER CABLE INFORMATION SERVICES ALABAMA LLC,TIME WARNER CABLE INFORMATION SERVICES MICHIGAN LLC,"TIME WARNER CABLE INFORMATION SERVICES (MICHIGAN), LLC",692,90.04456810120826,88.0,['Grupo muy grande: 29 nombres'],,
107,non_financial_107,TIME WARNER CABLE INFORMATION SERVICES ALABAMA LLC,TIME WARNER CABLE INFORMATION SERVICES MISSOURI LLC,"TIME WARNER CABLE INFORMATION SERVICES (MISSOURI), LLC",692,90.04456810120826,88.0,['Grupo muy grande: 29 nombres'],,
107,non_financial_107,TIME WARNER CABLE INFORMATION SERVICES ALABAMA LLC,TIME WARNER CABLE INFORMATION SERVICES NEBRASKA LLC,"TIME WARNER CABLE INFORMATION SERVICES (NEBRASKA), LLC",692,90.04456810120826,88.0,['Grupo muy grande: 29 nombres'],,
107,non_financial_107,TIME WARNER CABLE INFORMATION SERVICES ALABAMA LLC,TIME WARNER CABLE INFORMATION SERVICES NEW HAMPSHIRE LLC,"TIME WARNER CABLE INFORMATION SERVICES (NEW HAMPSHIRE), LLC",692,90.04456810120826,88.0,['Grupo muy grande: 29 nombres'],,
107,non_financial_107,TIME WARNER CABLE INFORMATION SERVICES ALABAMA LLC,TIME WARNER CABLE INFORMATION SERVICES NEW JERSEY LLC,"TIME WARNER CABLE INFORMATION SERVICES (NEW JERSEY), LLC",692,90.04456810120826,88.0,['Grupo muy grande: 29 nombres'],,
107,non_financial_107,TIME WARNER CABLE INFORMATION SERVICES ALABAMA LLC,TIME WARNER CABLE INFORMATION SERVICES NEW MEXICO LLC,TIME WARNER CABLE INFORMATION SERVICES (NEW MEXICO) LLC,692,90.04456810120826,88.0,['Grupo muy grande: 29 nombres'],,
107,non_financial_107,TIME WARNER CABLE INFORMATION SERVICES ALABAMA LLC,TIME WARNER CABLE INFORMATION SERVICES NEW YORK LLC,"TIME WARNER CABLE INFORMATION SERVICES (NEW YORK), LLC",692,90.04456810120826,88.0,['Grupo muy grande: 29 nombres'],,
107,non_financial_107,TIME WARNER CABLE INFORMATION SERVICES ALABAMA LLC,TIME WARNER CABLE INFORMATION SERVICES NORTH CAROLINA LLC,"TIME WARNER CABLE INFORMATION SERVICES (NORTH CAROLINA), LLC",692,90.04456810120826,88.0,['Grupo muy grande: 29 nombres'],,
107,non_financial_107,TIME WARNER CABLE INFORMATION SERVICES ALABAMA LLC,TIME WARNER CABLE INFORMATION SERVICES OHIO LLC,"TIME WARNER CABLE INFORMATION SERVICES (OHIO), LLC",692,90.04456810120826,88.0,['Grupo muy grande: 29 nombres'],,
107,non_financial_107,TIME WARNER CABLE INFORMATION SERVICES ALABAMA LLC,TIME WARNER CABLE INFORMATION SERVICES PENNSYLVANIA LLC,"TIME WARNER CABLE INFORMATION SERVICES (PENNSYLVANIA), LLC",692,90.04456810120826,88.0,['Grupo muy grande: 29 nombres'],,
107,non_financial_107,TIME WARNER CABLE INFORMATION SERVICES ALABAMA LLC,TIME WARNER CABLE INFORMATION SERVICES SOUTH CAROLINA LLC,"TIME WARNER CABLE INFORMATION SERVICES (SOUTH CAROLINA), LLC",692,90.04456810120826,88.0,['Grupo muy grande: 29 nombres'],,
107,non_financial_107,TIME WARNER CABLE INFORMATION SERVICES ALABAMA LLC,TIME WARNER CABLE INFORMATION SERVICES TENNESSEE LLC,"TIME WARNER CABLE INFORMATION SERVICES (TENNESSEE), LLC",692,90.04456810120826,88.0,['Grupo muy grande: 29 nombres'],,
107,non_financial_107,TIME WARNER CABLE INFORMATION SERVICES ALABAMA LLC,TIME WARNER CABLE INFORMATION SERVICES TEXAS LLC,"TIME WARNER CABLE INFORMATION SERVICES (TEXAS), LLC",692,90.04456810120826,88.0,['Grupo muy grande: 29 nombres'],,
107,non_financial_107,TIME WARNER CABLE INFORMATION SERVICES ALABAMA LLC,TIME WARNER CABLE INFORMATION SERVICES VIRGINIA LLC,"TIME WARNER CABLE INFORMATION SERVICES (VIRGINIA), LLC",692,90.04456810120826,88.0,['Grupo muy grande: 29 nombres'],,
107,non_financial_107,TIME WARNER CABLE INFORMATION SERVICES ALABAMA LLC,TIME WARNER CABLE INFORMATION SERVICES WASHINGTON LLC,"TIME WARNER CABLE INFORMATION SERVICES (WASHINGTON), LLC",692,90.04456810120826,88.0,['Grupo muy grande: 29 nombres'],,
107,non_financial_107,TIME WARNER CABLE INFORMATION SERVICES ALABAMA LLC,TIME WARNER CABLE INFORMATION SERVICES WEST VIRGINIA LLC,"TIME WARNER CABLE INFORMATION SERVICES (WEST VIRGINIA), LLC",692,90.04456810120826,88.0,['Grupo muy grande: 29 nombres'],,
107,non_financial_107,TIME WARNER CABLE INFORMATION SERVICES ALABAMA LLC,TIME WARNER CABLE INFORMATION SERVICES WISCONSIN LLC,"TIME WARNER CABLE INFORMATION SERVICES (WISCONSIN), LLC",692,90.04456810120826,88.0,['Grupo muy grande: 29 nombres'],,
108,non_financial_108,TIME WARNER CABLE MEDIA LLC,TIME WARNER CABLE MEDIA LLC,TIME WARNER CABLE MEDIA LLC,692,89.66980120898786,88.13559322033898,['Similitud promedio baja: 89.7%'],,
108,non_financial_108,TIME WARNER CABLE MEDIA LLC,TIME WARNER CABLE NORTHEAST LLC,TIME WARNER CABLE NORTHEAST LLC,692,89.66980120898786,88.13559322033898,['Similitud promedio baja: 89.7%'],,
108,non_financial_108,TIME WARNER CABLE MEDIA LLC,TIME WARNER CABLE SOUTHEAST LLC,TIME WARNER CABLE SOUTHEAST LLC,692,89.66980120898786,88.13559322033898,['Similitud promedio baja: 89.7%'],,
108,non_financial_108,TIME WARNER CABLE MEDIA LLC,TIME WARNER CABLE SPORTS LLC,TIME WARNER CABLE SPORTS LLC,692,89.66980120898786,88.13559322033898,['Similitud promedio baja: 89.7%'],,
108,non_financial_108,TIME WARNER CABLE MEDIA LLC,TIME WARNER CABLE TEXAS LLC,TIME WARNER CABLE TEXAS LLC,692,89.66980120898786,88.13559322033898,['Similitud promedio baja: 89.7%'],,
110,non_financial_110,HERCULES INC,HERCULES COUNTRY CLUB INC A DELAWARE CORPORAION,"HERCULES COUNTRY CLUB, INC., A DELAWARE CORPORAION",29,93.00750482035296,88.0,['Grupo muy grande: 41 nombres'],,
110,non_financial_110,HERCULES INC,HERCULES FLAVOR IN A DELAWARE CORP,"HERCULES FLAVOR, IN., A DELAWARE CORPORATION",29,93.00750482035296,88.0,['Grupo muy grande: 41 nombres'],,
110,non_financial_110,HERCULES INC,HERCULES INTERANTIONAL LTD LLC A DELAWARE LTD LIABILITY CO,"HERCULES INTERANTIONAL LIMITED, L.L.C., A DELAWARE LIMITED LIABILITY COMPANY",29,93.00750482035296,88.0,['Grupo muy grande: 41 nombres'],,
110,non_financial_110,HERCULES INC,HERCULES CREDIT INC DELAWARE CORP,"HERCULES CREDIT, INC., DELAWARE CORPORATION",47,93.00750482035296,88.0,['Grupo muy grande: 41 nombres'],,
110,non_financial_110,HERCULES INC,HERCULES CREDIT INC A DELAWARE CORP,"HERCULES CREDIT,INC.A DELAWARE CORP.",47,93.00750482035296,88.0,['Grupo muy grande: 41 nombres'],,
110,non_financial_110,HERCULES INC,HERCULES INTERNATIONAL LTD,HERCULES INTERNATIONAL LIMITED,209,93.00750482035296,88.0,['Grupo muy grande: 41 nombres'],,
110,non_financial_110,HERCULES INC,HERCULES FINANCE CO A DELAWARE CORP,"HERCULES FINANCE COMPANY, A DELAWARE CORPORATION",47,93.00750482035296,88.0,['Grupo muy grande: 41 nombres'],,
110,non_financial_110,HERCULES INC,HERCULES INC A DELAWARE CORP,"HERCULES INCORPORATED,A DELAWARE CORP.",47,93.00750482035296,88.0,['Grupo muy grande: 41 nombres'],,
110,non_financial_110,HERCULES INC,HERCULES INC A DELAWARE CORP,"HERCULES INCORPORATED, A DELAWARE CORPORATION",576,93.00750482035296,88.0,['Grupo muy grande: 41 nombres'],,
110,non_financial_110,HERCULES INC,HERCULES INTERNATINAL LTD LLC A DELAWARE LTD LIABILITY CO,"HERCULES INTERNATINAL LIMITED, L.L.C., A DELAWARE LIMITED LIABILITY COMPANY",47,93.00750482035296,88.0,['Grupo muy grande: 41 nombres'],,
110,non_financial_110,HERCULES INC,HERCULES INTERNATIONAL LTD LLC A DELAWARE LTD LIABILITY CO,"HERCULES INTERNATIONAL LIMITED L.L.C., A DELAWARE LIMITED LIABILITY COMPANY",47,93.00750482035296,88.0,['Grupo muy grande: 41 nombres'],,
110,non_financial_110,HERCULES INC,HERCULES INTERNATIONAL LTD A DELAWARE CORP,"HERCULES INTERNATIONAL LIMITED, A DELAWARE CORP.",47,93.00750482035296,88.0,['Grupo muy grande: 41 nombres'],,
110,non_financial_110,HERCULES INC,HERCULES INTERNATIONAL LTD LLC A DELAWARE LLC,"HERCULES INTERNATIONAL LIMITED, L.L.C., A DELAWARE LLC",47,93.00750482035296,88.0,['Grupo muy grande: 41 nombres'],,
110,non_financial_110,HERCULES INC,HERCULES CREDIT INC A DELAWARE CORP,"HERCULES CREDIT, INC. A DELAWARE CORPORATION",36,93.00750482035296,88.0,['Grupo muy grande: 41 nombres'],,
110,non_financial_110,HERCULES INC,HERCULES INC A DELAWARE CORP,"HERCULES INCORPORATION, A DELAWARE CORPORATION",36,93.00750482035296,88.0,['Grupo muy grande: 41 nombres'],,
110,non_financial_110,HERCULES INC,HERCULES INTERNATIONAL LTD LLC A DELAWARE LTD LIABILITY CO,"HERCULES INTERNATIONAL LIMITED, LLC, A DELAWARE LIMITED LIABILITY COMPANY",36,93.00750482035296,88.0,['Grupo muy grande: 41 nombres'],,
110,non_financial_110,HERCULES INC,HERCULES COUNTRY CLUB INC,"HERCULES COUNTRY CLUB, INC.",179,93.00750482035296,88.0,['Grupo muy grande: 41 nombres'],,
110,non_financial_110,HERCULES INC,HERCULES INCORPORPORATED,HERCULES INCORPORPORATED,3,93.00750482035296,88.0,['Grupo muy grande: 41 nombres'],,
110,non_financial_110,HERCULES INC,HERCULES FINANCE CO A DELAWARE PARTNERSHIP,"HERCULES FINANCE COMPANY., A DELAWARE PARTNERSHIP",39,93.00750482035296,88.0,['Grupo muy grande: 41 nombres'],,
110,non_financial_110,HERCULES INC,HERCULES INTERNATIONAL LTD A DELAWARE CORP,"HERCULES INTERNATIONAL LIMITED., A DELAWARE CORPORATION",39,93.00750482035296,88.0,['Grupo muy grande: 41 nombres'],,
110,non_financial_110,HERCULES INC,HERCULES CREDIT INC A DELAWARE CORPORAION,"HERCULES CREDIT, INC., A DELAWARE CORPORAION",21,93.00750482035296,88.0,['Grupo muy grande: 41 nombres'],,
110,non_financial_110,HERCULES INC,HERCULES INC,HERCULES INCORPORATED,2093,93.00750482035296,88.0,['Grupo muy grande: 41 nombres'],,
110,non_financial_110,HERCULES INC,HERCULES INTERNATIONAL LTD A DELAWARE CORP,"HERCULES INTERNATIONAL LIMITED, A DELAWARE CORPORATION",528,93.00750482035296,88.0,['Grupo muy grande: 41 nombres'],,
110,non_financial_110,HERCULES INC,HERCULES FLAVOR INC A DELAWARE CORP,"HERCULES FLAVOR, INC., A DELAWARE CORPORATION",656,93.00750482035296,88.0,['Grupo muy grande: 41 nombres'],,
110,non_financial_110,HERCULES INC,HERCULES CREDIT INC,"HERCULES CREDIT, INC.",230,93.00750482035296,88.0,['Grupo muy grande: 41 nombres'],,
110,non_financial_110,HERCULES INC,HERCULES FINANCE CO,HERCULES FINANCE COMPANY,230,93.00750482035296,88.0,['Grupo muy grande: 41 nombres'],,
110,non_financial_110,HERCULES INC,HERCULES FLAVOR INC,"HERCULES FLAVOR, INC.",230,93.00750482035296,88.0,['Grupo muy grande: 41 nombres'],,
110,non_financial_110,HERCULES INC,HERCULES INTERNATIONAL LTD LLC A DELAWARE LTD LIABILITY CO,"HERCULES INTERNATIONAL LIMITED, L.L.C., A DELAWARE LIMITED LIABILITY COMPANY",511,93.00750482035296,88.0,['Grupo muy grande: 41 nombres'],,
110,non_financial_110,HERCULES INC,HERCULES INTERNATIONAL LTD LLC,"HERCULES INTERNATIONAL LIMITED, L.L.C.",230,93.00750482035296,88.0,['Grupo muy grande: 41 nombres'],,
110,non_financial_110,HERCULES INC,HERCULES CREDIT INC A DELAWARE CORP,"HERCULES CREDIT, INC., A DELAWARE CORPORATION",505,93.00750482035296,88.0,['Grupo muy grande: 41 nombres'],,
110,non_financial_110,HERCULES INC,HERCULES COUNTRY CLUB INC A DELAWARE CORP,"HERCULES COUNTRY CLUB, INC., A DELAWARE CORPORATION",639,93.00750482035296,88.0,['Grupo muy grande: 41 nombres'],,
110,non_financial_110,HERCULES INC,HERCULES FINANCE CO A DELAWARE PARTNERSHIP,"HERCULES FINANCE COMPANY, A DELAWARE PARTNERSHIP",633,93.00750482035296,88.0,['Grupo muy grande: 41 nombres'],,
110,non_financial_110,HERCULES INC,HERCULES INC A DELAWARE COPORATION,"HERCULES INCORPORATED, A DELAWARE COPORATION",49,93.00750482035296,88.0,['Grupo muy grande: 41 nombres'],,
110,non_financial_110,HERCULES INC,HERCULES INTERNATIONAL LTD A DELAWARE COPORATION,"HERCULES INTERNATIONAL LIMITED, A DELAWARE COPORATION",49,93.00750482035296,88.0,['Grupo muy grande: 41 nombres'],,
110,non_financial_110,HERCULES INC,HERCULES COUNTY CLUB INC,"HERCULES COUNTY CLUB, INC.",51,93.00750482035296,88.0,['Grupo muy grande: 41 nombres'],,
110,non_financial_110,HERCULES INC,HERCULES INTERNATIONAL LIMIITED A DELAWARE CORP,"HERCULES INTERNATIONAL LIMIITED, A DELAWARE CORPORATION",54,93.00750482035296,88.0,['Grupo muy grande: 41 nombres'],,
110,non_financial_110,HERCULES INC,HERCULES COUNTRY CLUB INC A DELAWARE CORP,"HERCULES COUNTRY CLUB, INC., A DELAWARE CORP",38,93.00750482035296,88.0,['Grupo muy grande: 41 nombres'],,
110,non_financial_110,HERCULES INC,HERCULES INTERNATIONAL LTD A DELAWARE CORP,"HERCULES INTERNATIONAL LTD, A DELAWARE CORP.",38,93.00750482035296,88.0,['Grupo muy grande: 41 nombres'],,
110,non_financial_110,HERCULES INC,HERCULES INTERNATL LTD LLC A DELAWARE LTD LIB CO,"HERCULES INTERNATL LTD, LLC A DELAWARE LTD LIB CO.",38,93.00750482035296,88.0,['Grupo muy grande: 41 nombres'],,
110,non_financial_110,HERCULES INC,HERCULES FLAVOR INC A DELAWAARE CORP,"HERCULES FLAVOR, INC., A DELAWAARE CORPORATION",21,93.00750482035296,88.0,['Grupo muy grande: 41 nombres'],,
110,non_financial_110,HERCULES INC,HERCULES INTERNATIONL LTD,HERCULES INTERNATIONL LIMITED,21,93.00750482035296,88.0,['Grupo muy grande: 41 nombres'],,
134,non_financial_134,AMERICAN COVERS LLC,AMERICAN COVERS INC,"AMERICAN COVERS, INC.",3,89.47368421052632,89.47368421052632,['Similitud promedio baja: 89.5%'],,
134,non_financial_134,AMERICAN COVERS LLC,AMERICAN COVERS LLC,"AMERICAN COVERS, LLC",296,89.47368421052632,89.47368421052632,['Similitud promedio baja: 89.5%'],,
135,non_financial_135,AMERICAN MEDICAL SYSTEMS INC,AMERICAN MEDICAL SYSTEMS INC,"AMERICAN MEDICAL SYSTEMS, INC.",275,89.18181818181819,88.36363636363637,['Similitud promedio baja: 89.2%'],,
135,non_financial_135,AMERICAN MEDICAL SYSTEMS INC,AMERICAN MEDICAL SYSTEMS INC F K A WPAMS ACQUISITION CORP,"AMERICAN MEDICAL SYSTEMS, INC., F/K/A WPAMS ACQUISITION CORP.",16,89.18181818181819,88.36363636363637,['Similitud promedio baja: 89.2%'],,
135,non_financial_135,AMERICAN MEDICAL SYSTEMS INC,AMERICAN MEDICAL SYSTEMS INTERNATIONAL INC,"AMERICAN MEDICAL SYSTEMS INTERNATIONAL, INC.",3,89.18181818181819,88.36363636363637,['Similitud promedio baja: 89.2%'],,
155,non_financial_155,LYONDELL CHEMICAL CO,LYONDELL PETROCHEMICAL CO,LYONDELL PETROCHEMICAL COMPANY,483,88.88888888888889,88.88888888888889,['Similitud promedio baja: 88.9%'],,
155,non_financial_155,LYONDELL CHEMICAL CO,LYONDELL CHEMICAL CO,LYONDELL CHEMICAL COMPANY,959,88.88888888888889,88.88888888888889,['Similitud promedio baja: 88.9%'],,
165,non_financial_165,WORLD GOLF TOUR LLC,WORLD GOLF TOUR INC,"WORLD GOLF TOUR, INC.",1,89.47368421052632,89.47368421052632,['Similitud promedio baja: 89.5%'],,
165,non_financial_165,WORLD GOLF TOUR LLC,WORLD GOLF TOUR LLC,"WORLD GOLF TOUR, LLC",1612,89.47368421052632,89.47368421052632,['Similitud promedio baja: 89.5%'],,
178,non_financial_178,HEWLETT PACKARD ENTERPRISE CO,HEWLETT PACKARD ENTERPRISE CO,HEWLETT PACKARD ENTERPRISE COMPANY,1263,89.81818181818181,89.81818181818181,['Similitud promedio baja: 89.8%'],,
178,non_financial_178,HEWLETT PACKARD ENTERPRISE CO,HEWLETT PACKARD ENTERPRISE DEVELOPMENT LP,HEWLETT PACKARD ENTERPRISE DEVELOPMENT LP,1263,89.81818181818181,89.81818181818181,['Similitud promedio baja: 89.8%'],,
311,non_financial_311,BRESNAN BROADBAND OF MONTANA LLC,BRESNAN BROADBAND OF MONTANA LLC,"BRESNAN BROADBAND OF MONTANA, LLC",692,88.52459016393442,88.52459016393442,['Similitud promedio baja: 88.5%'],,
311,non_financial_311,BRESNAN BROADBAND OF MONTANA LLC,BRESNAN BROADBAND OF UTAH LLC,"BRESNAN BROADBAND OF UTAH, LLC",692,88.52459016393442,88.52459016393442,['Similitud promedio baja: 88.5%'],,
314,non_financial_314,CC VI OPERATING CO LLC,CC VI OPERATING CO LLC,"CC VI OPERATING COMPANY, LLC",692,88.37209302325581,88.37209302325581,['Similitud promedio baja: 88.4%'],,
314,non_financial_314,CC VI OPERATING CO LLC,CC VIII OPERATING LLC,"CC VIII OPERATING, LLC",692,88.37209302325581,88.37209302325581,['Similitud promedio baja: 88.4%'],,
317,non_financial_317,FALCON CABLE MEDIA A CALIFORNIA LTD PARTNERSHIP,FALCON CABLEVISION A CALIFORNIA LTD PARTNERSHIP,"FALCON CABLEVISION, A CALIFORNIA LIMITED PARTNERSHIP",692,89.20752389762565,89.13043478260869,['Similitud promedio baja: 89.2%'],,
317,non_financial_317,FALCON CABLE MEDIA A CALIFORNIA LTD PARTNERSHIP,FALCON TELECABLE A CALIFORNIA LTD PARTNERSHIP,"FALCON TELECABLE, A CALIFORNIA LIMITED PARTNERSHIP",692,89.20752389762565,89.13043478260869,['Similitud promedio baja: 89.2%'],,
317,non_financial_317,FALCON CABLE MEDIA A CALIFORNIA LTD PARTNERSHIP,FALCON CABLE MEDIA A CALIFORNIA LTD PARTNERSHIP,"FALCON CABLE MEDIA, A CALIFORNIA LIMITED PARTNERSHIP",692,89.20752389762565,89.13043478260869,['Similitud promedio baja: 89.2%'],,
341,non_financial_341,BLUEGRASS FLEXIBLE PACKAGING CO LLC,BLUEGRASS FLEXIBLE PACKAGING CO LLC,"BLUEGRASS FLEXIBLE PACKAGING COMPANY, LLC.",76,88.21428571428571,88.21428571428571,['Similitud promedio baja: 88.2%'],,
341,non_financial_341,BLUEGRASS FLEXIBLE PACKAGING CO LLC,BLUEGRASS CVI PACKAGING CO LLC,"BLUEGRASS/CVI PACKAGING COMPANY, LLC",15,88.21428571428571,88.21428571428571,['Similitud promedio baja: 88.2%'],,
346,non_financial_346,WELLS FARGO BUSINESS CREDIT INC,WELLS FARGO BUSINESS CREDIT A CA CORP,"WELLS FARGO BUSINESS CREDIT, A CA CORP.",2,88.44827586206895,88.44827586206895,['Similitud promedio baja: 88.4%'],,
346,non_financial_346,WELLS FARGO BUSINESS CREDIT INC,WELLS FARGO BUSINESS CREDIT INC,"WELLS FARGO BUSINESS CREDIT, INC.",7,88.44827586206895,88.44827586206895,['Similitud promedio baja: 88.4%'],,
350,non_financial_350,INTEGRATED DNA TECHNOLOGIES INC,INTEGRATED DNA TECHNOLOGIES INC,"INTEGRATED DNA TECHNOLOGIES, INC.",5,88.44827586206895,88.44827586206895,['Similitud promedio baja: 88.4%'],,
350,non_financial_350,INTEGRATED DNA TECHNOLOGIES INC,INTEGRATED TECHNOLOGIES & SYSTEMS INC,"INTEGRATED TECHNOLOGIES AND SYSTEMS, INC.",1,88.44827586206895,88.44827586206895,['Similitud promedio baja: 88.4%'],,
376,non_financial_376,VIAVI SOLUTIONS INC,VIAVI SOLUTIONS INC,VIAVI SOLUTIONS INC.,563,89.47368421052632,89.47368421052632,['Similitud promedio baja: 89.5%'],,
376,non_financial_376,VIAVI SOLUTIONS INC,VIAVI SOLUTIONS LLC,VIAVI SOLUTIONS LLC,563,89.47368421052632,89.47368421052632,['Similitud promedio baja: 89.5%'],,
379,non_financial_379,PRATT & WHITNEY ROCKETDYNE INC,PRATT & WHITNEY ROCKETDYNE INC,"PRATT & WHITNEY ROCKETDYNE, INC.",556,89.02439024390245,88.04878048780488,['Similitud promedio baja: 89.0%'],,
379,non_financial_379,PRATT & WHITNEY ROCKETDYNE INC,PRATT & WHITNEY CO INC,"PRATT & WHITNEY COMPANY INC., THE",6,89.02439024390245,88.04878048780488,['Similitud promedio baja: 89.0%'],,
379,non_financial_379,PRATT & WHITNEY ROCKETDYNE INC,PRATT & WHITNEY CO INC THE A CORP OF OH,"PRATT & WHITNEY COMPANY, INC., THE, A CORP. OF OH",8,89.02439024390245,88.04878048780488,['Similitud promedio baja: 89.0%'],,
394,non_financial_394,FORT LIVESTOCK SYSTEM INC A CORP OF WI,FORT LIVESTOCK SYSTEMS INC A WI CORP,"FORT LIVESTOCK SYSTEMS, INC., A WI CORP.",2,89.86486486486486,89.86486486486486,['Similitud promedio baja: 89.9%'],,
394,non_financial_394,FORT LIVESTOCK SYSTEM INC A CORP OF WI,FORT LIVESTOCK SYSTEM INC A CORP OF WI,"FORT LIVESTOCK SYSTEM, INC., A CORP. OF WI",2,89.86486486486486,89.86486486486486,['Similitud promedio baja: 89.9%'],,
396,non_financial_396,GEORGIA-PACIFIC ASIA INC,GEORGIA-PACIFIC ASIA INC,"GEORGIA-PACIFIC ASIA, INC.",503,88.0,88.0,['Similitud promedio baja: 88.0%'],,
396,non_financial_396,GEORGIA-PACIFIC ASIA INC,GEORGIA-PACIFIC RESINS INC,"GEORGIA-PACIFIC RESINS, INC.",503,88.0,88.0,['Similitud promedio baja: 88.0%'],,
396,non_financial_396,GEORGIA-PACIFIC ASIA INC,GEORGIA-PACIFIC WEST INC,"GEORGIA-PACIFIC WEST, INC.",503,88.0,88.0,['Similitud promedio baja: 88.0%'],,
412,non_financial_412,CEF INDUSTRIES LLC,CEF INDUSTRIES LLC F K A CEF INDUSTRIES INC,"CEF INDUSTRIES, LLC (F/K/A CEF INDUSTRIES, INC.)",119,89.62962962962963,88.88888888888889,['Similitud promedio baja: 89.6%'],,
412,non_financial_412,CEF INDUSTRIES LLC,CEF INDUSTRIES INC,"CEF INDUSTRIES, INC.",220,89.62962962962963,88.88888888888889,['Similitud promedio baja: 89.6%'],,
412,non_financial_412,CEF INDUSTRIES LLC,CEF INDUSTRIES LLC,"CEF INDUSTRIES, LLC",469,89.62962962962963,88.88888888888889,['Similitud promedio baja: 89.6%'],,
414,non_financial_414,BRIGGS & STRATTON CORP,BRIGGS & STRATTON LLC,"BRIGGS & STRATTON, LLC",446,88.37209302325581,88.37209302325581,['Similitud promedio baja: 88.4%'],,
414,non_financial_414,BRIGGS & STRATTON CORP,BRIGGS & STRATTON CORP,BRIGGS & STRATTON CORPORATION,464,88.37209302325581,88.37209302325581,['Similitud promedio baja: 88.4%'],,
432,non_financial_432,VONAGE NETWORK LLC,VONAGE NETWORK LLC,VONAGE NETWORK LLC,431,88.88888888888889,88.88888888888889,['Similitud promedio baja: 88.9%'],,
432,non_financial_432,VONAGE NETWORK LLC,VONAGE NETWORK INC,VONAGE NETWORK INC.,18,88.88888888888889,88.88888888888889,['Similitud promedio baja: 88.9%'],,
449,non_financial_449,NETLOGIC MICROSYSTEMS INC,NETLOGIC MICROSYSTEMS INTERNATIONAL LTD,NETLOGIC MICROSYSTEMS INTERNATIONAL LIMITED,348,88.16326530612244,88.16326530612244,['Similitud promedio baja: 88.2%'],,
449,non_financial_449,NETLOGIC MICROSYSTEMS INC,NETLOGIC MICROSYSTEMS INC,"NETLOGIC MICROSYSTEMS, INC.",419,88.16326530612244,88.16326530612244,['Similitud promedio baja: 88.2%'],,
451,non_financial_451,GERBER COBURN OPTICAL INC A CONNECTICUT CORP,GERBER COBURN OPTICAL INC A CONNECTICUT CORP,"GERBER COBURN OPTICAL, INC., A CONNECTICUT CORPORATION.",128,89.08163265306122,88.16326530612244,['Similitud promedio baja: 89.1%'],,
451,non_financial_451,GERBER COBURN OPTICAL INC A CONNECTICUT CORP,GERBER COBURN OPTICAL INTERNATIONAL INC,"GERBER COBURN OPTICAL INTERNATIONAL, INC.",127,89.08163265306122,88.16326530612244,['Similitud promedio baja: 89.1%'],,
451,non_financial_451,GERBER COBURN OPTICAL INC A CONNECTICUT CORP,GERBER COBURN OPTICAL INC,"GERBER COBURN OPTICAL, INC.",127,89.08163265306122,88.16326530612244,['Similitud promedio baja: 89.1%'],,
467,non_financial_467,WILMINGTON TRUST CO,WILMINGTON TRUST CO,WILMINGTON TRUST COMPANY,19,89.73684210526315,89.47368421052632,['Similitud promedio baja: 89.7%'],,
467,non_financial_467,WILMINGTON TRUST CO,WILMINGTON TRUST NA,"WILMINGTON TRUST, NATIONAL ASSOCIATION",16,89.73684210526315,89.47368421052632,['Similitud promedio baja: 89.7%'],,
467,non_financial_467,WILMINGTON TRUST CO,WILMINGTON TRUST NA AS THE PRIOR COLLATERAL AGENT,"WILMINGTON TRUST, NATIONAL ASSOCIATION, AS THE PRIOR COLLATERAL AGENT",3,89.73684210526315,89.47368421052632,['Similitud promedio baja: 89.7%'],,
469,non_financial_469,WESTINGHOUSE ELECTRIC CO LLC,WESTINGHOUSE ELECTRIC CO LLC,WESTINGHOUSE ELECTRIC COMPANY LLC,6,88.88888888888889,88.88888888888889,['Similitud promedio baja: 88.9%'],,
469,non_financial_469,WESTINGHOUSE ELECTRIC CO LLC,WESTINGHOUSE ELECTRIC CORP,WESTINGHOUSE ELECTRIC CORPORATION,1,88.88888888888889,88.88888888888889,['Similitud promedio baja: 88.9%'],,
481,non_financial_481,ARROW INTERNATIONAL INC,ARROW INTERNATIONAL INC,"ARROW INTERNATIONAL, INC.",98,88.0,88.0,['Similitud promedio baja: 88.0%'],,
481,non_financial_481,ARROW INTERNATIONAL INC,ARROW INTERNATIONAL INVESTMENT CORP,ARROW INTERNATIONAL INVESTMENT CORP.,21,88.0,88.0,['Similitud promedio baja: 88.0%'],,
496,non_financial_496,ENCORE MEDICAL GP INC,ENCORE MEDICAL GP INC,"ENCORE MEDICAL GP, INC",43,88.37209302325581,88.37209302325581,['Similitud promedio baja: 88.4%'],,
496,non_financial_496,ENCORE MEDICAL GP INC,ENCORE MEDICAL IHC INC,"ENCORE MEDICAL IHC, INC.",43,88.37209302325581,88.37209302325581,['Similitud promedio baja: 88.4%'],,
538,non_financial_538,MCKECHNIE AEROSPACE DE INC,MCKECHNIE AEROSPACE DE INC,"MCKECHNIE AEROSPACE DE, INC.",303,89.18367346938776,89.18367346938776,['Similitud promedio baja: 89.2%'],,
538,non_financial_538,MCKECHNIE AEROSPACE DE INC,MCKECHNIE AEROSPACE HOLDINGS INC,"MCKECHNIE AEROSPACE HOLDINGS, INC.",303,89.18367346938776,89.18367346938776,['Similitud promedio baja: 89.2%'],,
554,non_financial_554,STONERIDGE ELECTRONICS INC,STONERIDGE ELECTRONICS LTD,STONERIDGE ELECTRONICS LIMITED,45,88.46153846153845,88.46153846153845,['Similitud promedio baja: 88.5%'],,
554,non_financial_554,STONERIDGE ELECTRONICS INC,STONERIDGE ELECTRONICS INC,"STONERIDGE ELECTRONICS, INC.",228,88.46153846153845,88.46153846153845,['Similitud promedio baja: 88.5%'],,
567,non_financial_567,INTERGRAPH HARDWARE TECHNOLOGIES CO,INTERGRAPH HARDWARE TECHNOLOGIES CO,INTERGRAPH HARDWARE TECHNOLOGIES COMPANY,136,88.57142857142857,88.57142857142857,['Similitud promedio baja: 88.6%'],,
567,non_financial_567,INTERGRAPH HARDWARE TECHNOLOGIES CO,INTERGRAPH SOFTWARE TECHNOLOGIES CO,INTERGRAPH SOFTWARE TECHNOLOGIES COMPANY,136,88.57142857142857,88.57142857142857,['Similitud promedio baja: 88.6%'],,
571,non_financial_571,ARTESYN COMMUNICATION PRODUCTS LLC,ARTESYN TECHNOLOGIES COMMUNICATION PRODUCTS INC,"ARTESYN TECHNOLOGIES COMMUNICATION PRODUCTS, INC.",22,89.0625,89.0625,['Similitud promedio baja: 89.1%'],,
571,non_financial_571,ARTESYN COMMUNICATION PRODUCTS LLC,ARTESYN COMMUNICATION PRODUCTS LLC,ARTESYN COMMUNICATION PRODUCTS LLC,22,89.0625,89.0625,['Similitud promedio baja: 89.1%'],,
586,non_financial_586,WABASH NATIONAL LP,WABASH NATIONAL LP,"WABASH NATIONAL, L.P.",252,89.47368421052632,89.47368421052632,['Similitud promedio baja: 89.5%'],,
586,non_financial_586,WABASH NATIONAL LP,WABASH NATIONAL CORP,WABASH NATIONAL CORPORATION,118,89.47368421052632,89.47368421052632,['Similitud promedio baja: 89.5%'],,
600,non_financial_600,AURORA FOODS INC DELAWARE CORP,AURORA FOODS INC,AURORA FOODS INC.,3,89.62962962962963,88.88888888888889,['Similitud promedio baja: 89.6%'],,
600,non_financial_600,AURORA FOODS INC DELAWARE CORP,AURORA FOODS INC DELAWARE CORP,AURORA FOODS INC. (DELAWARE CORPORATION),29,89.62962962962963,88.88888888888889,['Similitud promedio baja: 89.6%'],,
600,non_financial_600,AURORA FOODS INC DELAWARE CORP,AURORA FOODS INC DE CORP,"AURORA FOODS, INC. (DE CORPORATION)",4,89.62962962962963,88.88888888888889,['Similitud promedio baja: 89.6%'],,
638,non_financial_638,NOVA WILDCAT BUILDING LLC,NOVA WILDCAT BUILDING LLC,"NOVA WILDCAT BUILDING, LLC",87,89.79591836734694,89.79591836734694,['Similitud promedio baja: 89.8%'],,
638,non_financial_638,NOVA WILDCAT BUILDING LLC,NOVA WILDCAT BULLDOG LLC,"NOVA WILDCAT BULLDOG, LLC",87,89.79591836734694,89.79591836734694,['Similitud promedio baja: 89.8%'],,
673,non_financial_673,CARLISLE FLUID TECHNOLOGIES UK LTD,CARLISLE FLUID TECHNOLOGIES LLC,"CARLISLE FLUID TECHNOLOGIES, LLC",168,89.23076923076923,89.23076923076923,['Similitud promedio baja: 89.2%'],,
673,non_financial_673,CARLISLE FLUID TECHNOLOGIES UK LTD,CARLISLE FLUID TECHNOLOGIES UK LTD,CARLISLE FLUID TECHNOLOGIES UK LIMITED,168,89.23076923076923,89.23076923076923,['Similitud promedio baja: 89.2%'],,
691,non_financial_691,CONTROL DATA ASIA INC,CONTROL DATA ASIA INC,"CONTROL DATA ASIA, INC.",16,89.21775898520086,88.37209302325581,['Similitud promedio baja: 89.2%'],,
691,non_financial_691,CONTROL DATA ASIA INC,CONTROL DATA CHINA INC,"CONTROL DATA CHINA, INC.",16,89.21775898520086,88.37209302325581,['Similitud promedio baja: 89.2%'],,
691,non_financial_691,CONTROL DATA ASIA INC,CONTROL DATA INDIA INC,"CONTROL DATA INDIA, INC.",16,89.21775898520086,88.37209302325581,['Similitud promedio baja: 89.2%'],,
697,non_financial_697,PINNACLE GIBRALTAR ACQUISITION CO LTD,PINNACLE GIBRALTAR ACQUISITION CO LTD,PINNACLE (GIBRALTAR) ACQUISITION CO LIMITED,5,89.99999999999999,89.99999999999999,['Similitud promedio baja: 90.0%'],,
697,non_financial_697,PINNACLE GIBRALTAR ACQUISITION CO LTD,PINNACLE US ACQUISITION CO LTD,PINNACLE (US) ACQUISITION CO LIMITED,5,89.99999999999999,89.99999999999999,['Similitud promedio baja: 90.0%'],,
710,non_financial_710,I O MARINE SYSTEMS INC,I D SYSTEMS INC,"I.D. SYSTEMS, INC.",22,88.21428571428571,88.21428571428571,['Similitud promedio baja: 88.2%'],,
710,non_financial_710,I O MARINE SYSTEMS INC,I O MARINE SYSTEMS INC,"I/O MARINE SYSTEMS, INC.",157,88.21428571428571,88.21428571428571,['Similitud promedio baja: 88.2%'],,
714,non_financial_714,TI GROUP AUTOMOTIVE SYSTEMS LLC,TI GROUP AUTOMOTIVE SYSTEMS LLC,"TI GROUP AUTOMOTIVE SYSTEMS, L.L.C.",156,88.44827586206895,88.44827586206895,['Similitud promedio baja: 88.4%'],,
714,non_financial_714,TI GROUP AUTOMOTIVE SYSTEMS LLC,TI GROUP AUTOMOTIVE SYSTEMS S DE R L DE C V,TI GROUP AUTOMOTIVE SYSTEMS S DE R.L. DE C.V.,25,88.44827586206895,88.44827586206895,['Similitud promedio baja: 88.4%'],,
716,non_financial_716,TI AUTOMOTIVE LLC,TI AUTOMOTIVE LTD,TI AUTOMOTIVE LIMITED,25,88.23529411764706,88.23529411764706,['Similitud promedio baja: 88.2%'],,
716,non_financial_716,TI AUTOMOTIVE LLC,TI AUTOMOTIVE LLC,"TI AUTOMOTIVE, L.L.C.",88,88.23529411764706,88.23529411764706,['Similitud promedio baja: 88.2%'],,
728,non_financial_728,SANMINA-SCI ENCLOSURES USA INC,SANMINA-SCI ENCLOSURES USA INC,SANMINA-SCI ENCLOSURES USA INC.,98,88.63839285714286,88.21428571428571,['Similitud promedio baja: 88.6%'],,
728,non_financial_728,SANMINA-SCI ENCLOSURES USA INC,SANMINA-SCI SYSTEMS ENCLOSURES LLC,SANMINA-SCI SYSTEMS ENCLOSURES LLC,52,88.63839285714286,88.21428571428571,['Similitud promedio baja: 88.6%'],,
728,non_financial_728,SANMINA-SCI ENCLOSURES USA INC,SANMINA-SCI SYSTEMS ENCLOSURES DENTON INC,SANMINA-SCI SYSTEMS ENCLOSURES (DENTON) INC.,98,88.63839285714286,88.21428571428571,['Similitud promedio baja: 88.6%'],,
737,non_financial_737,ZURN INDUSTRIES INC,ZURN INDUSTRIES INC,"ZURN INDUSTRIES, INC.",147,89.47368421052632,89.47368421052632,['Similitud promedio baja: 89.5%'],,
737,non_financial_737,ZURN INDUSTRIES INC,ZURN INDUSTRIES LLC,"ZURN INDUSTRIES, LLC",12,89.47368421052632,89.47368421052632,['Similitud promedio baja: 89.5%'],,
753,non_financial_753,INVERNESS MEDICAL - BIOSTAR INC,INVERNESS MEDICAL - BIOSTAR INC A DELAWARE CORP,"INVERNESS MEDICAL - BIOSTAR, INC., A DELAWARE CORPORATION",40,89.26229508196721,88.52459016393443,['Similitud promedio baja: 89.3%'],,
753,non_financial_753,INVERNESS MEDICAL - BIOSTAR INC,INVERNESS MEDICAL -BIOSTAR INC F K A THERMO BIOSTAR INC,INVERNESS MEDICAL -BIOSTAR INC. (F/K/A THERMO BIOSTAR INC.),9,89.26229508196721,88.52459016393443,['Similitud promedio baja: 89.3%'],,
753,non_financial_753,INVERNESS MEDICAL - BIOSTAR INC,INVERNESS MEDICAL - BIOSTAR INC,INVERNESS MEDICAL - BIOSTAR INC.,144,89.26229508196721,88.52459016393443,['Similitud promedio baja: 89.3%'],,
771,non_financial_771,GEO SPECIALTY CHEMICALS INC,GEO SPECIALTY CHEMICALS LTD,GEO SPECIALTY CHEMICALS LIMITED,2,88.88888888888889,88.88888888888889,['Similitud promedio baja: 88.9%'],,
771,non_financial_771,GEO SPECIALTY CHEMICALS INC,GEO SPECIALTY CHEMICALS INC,"GEO SPECIALTY CHEMICALS, INC.",13,88.88888888888889,88.88888888888889,['Similitud promedio baja: 88.9%'],,
777,non_financial_777,GD FINANCE CO LLC,GD FINANCE CO INC,"GD FINANCE CO., INC.",66,88.23529411764706,88.23529411764706,['Similitud promedio baja: 88.2%'],,
777,non_financial_777,GD FINANCE CO LLC,GD FINANCE CO LLC,"GD FINANCE CO, LLC",131,88.23529411764706,88.23529411764706,['Similitud promedio baja: 88.2%'],,
784,non_financial_784,PREGIS INTELLIPACK CORP,PREGIS INTELLIPACK CORP,PREGIS INTELLIPACK CORP.,46,88.88888888888889,88.88888888888889,['Similitud promedio baja: 88.9%'],,
784,non_financial_784,PREGIS INTELLIPACK CORP,PREGIS INTELLIPACK LLC,PREGIS INTELLIPACK LLC,11,88.88888888888889,88.88888888888889,['Similitud promedio baja: 88.9%'],,
806,non_financial_806,PRINCE MINERALS LLC,PRINCE MINERALS LLC,PRINCE MINERALS LLC,120,89.47368421052632,89.47368421052632,['Similitud promedio baja: 89.5%'],,
806,non_financial_806,PRINCE MINERALS LLC,PRINCE MINERALS INC,"PRINCE MINERALS, INC.",4,89.47368421052632,89.47368421052632,['Similitud promedio baja: 89.5%'],,
856,non_financial_856,MARK IV INDUSTRIES CORP,MARK IV INDUSTRIES CORP,MARK IV INDUSTRIES CORP.,3,88.3720930232558,88.3720930232558,['Similitud promedio baja: 88.4%'],,
856,non_financial_856,MARK IV INDUSTRIES CORP,MARK INDUSTRIES A CORP OF CA,"MARK INDUSTRIES, A CORP OF CA.",1,88.3720930232558,88.3720930232558,['Similitud promedio baja: 88.4%'],,
861,non_financial_861,ORBCOMM CHINA LLC,ORBCOMM CHINA LLC,ORBCOMM CHINA LLC,35,88.23529411764706,88.23529411764706,['Similitud promedio baja: 88.2%'],,
861,non_financial_861,ORBCOMM CHINA LLC,ORBCOMM INDIA LLC,ORBCOMM INDIA LLC,35,88.23529411764706,88.23529411764706,['Similitud promedio baja: 88.2%'],,
882,non_financial_882,LANDIS PLASTICS LLC,LANDIS PLASTICS LLC,"LANDIS PLASTICS, LLC",100,89.47368421052632,89.47368421052632,['Similitud promedio baja: 89.5%'],,
882,non_financial_882,LANDIS PLASTICS LLC,LANDIS PLASTICS INC,"LANDIS PLASTICS, INC.",8,89.47368421052632,89.47368421052632,['Similitud promedio baja: 89.5%'],,
918,non_financial_918,MAG INDUSTRIAL AUTOMATION SYSTEMS LLC,MAG INDUSTRIAL AUTOMATION SYSTEMS LLC,"MAG INDUSTRIAL AUTOMATION SYSTEMS, LLC",93,89.57142857142857,89.57142857142857,['Similitud promedio baja: 89.6%'],,
918,non_financial_918,MAG INDUSTRIAL AUTOMATION SYSTEMS LLC,MAG INTERNATIONAL INDUSTRIAL AUTOMATION SYSTEMS SA R L,"MAG INTERNATIONAL INDUSTRIAL AUTOMATION SYSTEMS, S.A.R.L.",16,89.57142857142857,89.57142857142857,['Similitud promedio baja: 89.6%'],,
930,non_financial_930,CALCITEK INC,CALCITEK INC,"CALCITEK, INC.",89,89.34959349593497,88.04878048780488,['Similitud promedio baja: 89.3%'],,
930,non_financial_930,CALCITEK INC,CALCITEK INC A CORP OF TEXAS,"CALCITEK, INC., A CORP. OF TEXAS",18,89.34959349593497,88.04878048780488,['Similitud promedio baja: 89.3%'],,
930,non_financial_930,CALCITEK INC,CALCITEK INC A TX CORP,"CALCITEK, INC., A TX CORP.",9,89.34959349593497,88.04878048780488,['Similitud promedio baja: 89.3%'],,
940,non_financial_940,LZB FURNITURE GALLERIES OF BOSTON INC,LZB FURNITURE GALLERIES OF ST LOUIS INC,"LZB FURNITURE GALLERIES OF ST. LOUIS, INC.",87,89.47368421052632,89.47368421052632,['Similitud promedio baja: 89.5%'],,
940,non_financial_940,LZB FURNITURE GALLERIES OF BOSTON INC,LZB FURNITURE GALLERIES OF BOSTON INC,"LZB FURNITURE GALLERIES OF BOSTON, INC.",87,89.47368421052632,89.47368421052632,['Similitud promedio baja: 89.5%'],,
969,non_financial_969,NCI BUILDING SYSTEMS LP,NCI BUILDING SYSTEMS LP,"NCI BUILDING SYSTEMS, L.P.",9,89.36170212765957,89.36170212765957,['Similitud promedio baja: 89.4%'],,
969,non_financial_969,NCI BUILDING SYSTEMS LP,NCI BUILDING SYSTEMS INC,"NCI BUILDING SYSTEMS, INC.",3,89.36170212765957,89.36170212765957,['Similitud promedio baja: 89.4%'],,
993,non_financial_993,CLEAN HARBORS LAPORTE LLC,CLEAN HARBORS LAPORTE LLC,"CLEAN HARBORS LAPORTE, LLC",5,89.79591836734694,89.79591836734694,['Similitud promedio baja: 89.8%'],,
993,non_financial_993,CLEAN HARBORS LAPORTE LLC,CLEAN HARBORS LAUREL LLC,"CLEAN HARBORS LAUREL, LLC",5,89.79591836734694,89.79591836734694,['Similitud promedio baja: 89.8%'],,
1006,non_financial_1006,UPLAND 1 LLC,UPLAND 1 LLC,UPLAND 1 LLC,75,88.0,88.0,['Similitud promedio baja: 88.0%'],,
1006,non_financial_1006,UPLAND 1 LLC,UPLAND IX LLC,"UPLAND IX, LLC",13,88.0,88.0,['Similitud promedio baja: 88.0%'],,
1011,non_financial_1011,DEL MONTE FRESH PRODUCE CO,DEL MONTE FRESH PRODUCE CHILE SA,DEL MONTE FRESH PRODUCE (CHILE) S.A.,3,89.84288953676707,89.18367346938776,['Similitud promedio baja: 89.8%'],,
1011,non_financial_1011,DEL MONTE FRESH PRODUCE CO,DEL MONTE FRESH PRODUCE TEXAS INC,"DEL MONTE FRESH PRODUCE (TEXAS), INC.",3,89.84288953676707,89.18367346938776,['Similitud promedio baja: 89.8%'],,
1011,non_financial_1011,DEL MONTE FRESH PRODUCE CO,DEL MONTE FRESH PRODUCE WEST COAST INC,DEL MONTE FRESH PRODUCE (WEST COAST) INC.,3,89.84288953676707,89.18367346938776,['Similitud promedio baja: 89.8%'],,
1011,non_financial_1011,DEL MONTE FRESH PRODUCE CO,DEL MONTE FRESH PRODUCE INTERNATIONAL INC,"DEL MONTE FRESH PRODUCE INTERNATIONAL, INC.",3,89.84288953676707,89.18367346938776,['Similitud promedio baja: 89.8%'],,
1011,non_financial_1011,DEL MONTE FRESH PRODUCE CO,DEL MONTE FRESH PRODUCE NA INC,"DEL MONTE FRESH PRODUCE N.A., INC.",3,89.84288953676707,89.18367346938776,['Similitud promedio baja: 89.8%'],,
1011,non_financial_1011,DEL MONTE FRESH PRODUCE CO,DEL MONTE FRESH PRODUCE CO,DEL MONTE FRESH PRODUCE COMPANY,5,89.84288953676707,89.18367346938776,['Similitud promedio baja: 89.8%'],,
1016,non_financial_1016,NCS MULTISTAGE INC,NCS MULTISTAGE INC,NCS MULTISTAGE INC.,72,89.44444444444444,88.88888888888889,['Similitud promedio baja: 89.4%'],,
1016,non_financial_1016,NCS MULTISTAGE INC,NCS MULTISTAGE LLC,"NCS MULTISTAGE, LLC",38,89.44444444444444,88.88888888888889,['Similitud promedio baja: 89.4%'],,
1016,non_financial_1016,NCS MULTISTAGE INC,NCS MULTISTAGE INC F K A NCS OILFIELD SERVICES CANADA INC,"NCS MULTISTAGE, INC. (F/K/A NCS OILFIELD SERVICES CANADA, INC.)",1,89.44444444444444,88.88888888888889,['Similitud promedio baja: 89.4%'],,
1026,non_financial_1026,DANIMER IPCO LLC,DANIMER IPCO LLC,"DANIMER IPCO, LLC",11,88.88888888888889,88.88888888888889,['Similitud promedio baja: 88.9%'],,
1026,non_financial_1026,DANIMER IPCO LLC,DANIMER IPHOLDCO LLC,"DANIMER IPHOLDCO, LLC",11,88.88888888888889,88.88888888888889,['Similitud promedio baja: 88.9%'],,
1032,non_financial_1032,QBC DIAGNOSTICS INC,QBC DIAGNOSTICS LLC,QBC DIAGNOSTICS LLC,6,89.47368421052632,89.47368421052632,['Similitud promedio baja: 89.5%'],,
1032,non_financial_1032,QBC DIAGNOSTICS INC,QBC DIAGNOSTICS INC,"QBC DIAGNOSTICS, INC.",69,89.47368421052632,89.47368421052632,['Similitud promedio baja: 89.5%'],,
1086,non_financial_1086,ENVISION MEDICAL CORP CA CORP,ENVISION MEDICAL CORP CALIFORNIA CORP,ENVISION MEDICAL CORPORATION (CALIFORNIA CORPORATION),3,88.66666666666666,88.66666666666666,['Similitud promedio baja: 88.7%'],,
1086,non_financial_1086,ENVISION MEDICAL CORP CA CORP,ENVISION MEDICAL CORP CA CORP,"ENVISION MEDICAL CORPORATION, (CA CORPORATION)",59,88.66666666666666,88.66666666666666,['Similitud promedio baja: 88.7%'],,
1128,non_financial_1128,EXOVIR INC A CORP OF DELAWARE,EXOVIR INC,"EXOVIR, INC.",10,89.48717948717949,88.46153846153845,['Similitud promedio baja: 89.5%'],,
1128,non_financial_1128,EXOVIR INC A CORP OF DELAWARE,EXOVIR INC A CORP OF DELAWARE,"EXOVIR, INC. A CORP. OF DELAWARE",54,89.48717948717949,88.46153846153845,['Similitud promedio baja: 89.5%'],,
1128,non_financial_1128,EXOVIR INC A CORP OF DELAWARE,EXOVIR INC A CORP OF DE,"EXOVIR, INC., A CORP. OF DE",1,89.48717948717949,88.46153846153845,['Similitud promedio baja: 89.5%'],,
1167,non_financial_1167,NMT NEUROSCIENCES INTERNATIONAL INC,NMT NEUROSCIENCES INTERNATIONAL INC,NMT NEUROSCIENCES (INTERNATIONAL) INC.,41,89.66666666666667,88.66666666666666,['Similitud promedio baja: 89.7%'],,
1167,non_financial_1167,NMT NEUROSCIENCES INTERNATIONAL INC,NMT NEUROSCIENCES IP INC,NMT NEUROSCIENCES (IP) INC.,41,89.66666666666667,88.66666666666666,['Similitud promedio baja: 89.7%'],,
1167,non_financial_1167,NMT NEUROSCIENCES INTERNATIONAL INC,NMT NEUROSCIENCES US INC,NMT NEUROSCIENCES (US) INC.,41,89.66666666666667,88.66666666666666,['Similitud promedio baja: 89.7%'],,
1179,non_financial_1179,PELICAN BIOPHARMA LLC,PELICAN BIOTHERMAL LLC,PELICAN BIOTHERMAL LLC,3,88.37209302325581,88.37209302325581,['Similitud promedio baja: 88.4%'],,
1179,non_financial_1179,PELICAN BIOPHARMA LLC,PELICAN BIOPHARMA LLC,"PELICAN BIOPHARMA, LLC",3,88.37209302325581,88.37209302325581,['Similitud promedio baja: 88.4%'],,
1185,non_financial_1185,DISCOUNT LABELS LLC,DISCOUNT LABELS LLC,"DISCOUNT LABELS, LLC",47,89.47368421052632,89.47368421052632,['Similitud promedio baja: 89.5%'],,
1185,non_financial_1185,DISCOUNT LABELS LLC,DISCOUNT LABELS INC,"DISCOUNT LABELS, INC.",1,89.47368421052632,89.47368421052632,['Similitud promedio baja: 89.5%'],,
1214,non_financial_1214,DEVILBISS HEALTHCARE LLC,DEVILBISS HEALTH CARE INC,"DEVILBISS HEALTH CARE, INC.",4,89.79591836734694,89.79591836734694,['Similitud promedio baja: 89.8%'],,
1214,non_financial_1214,DEVILBISS HEALTHCARE LLC,DEVILBISS HEALTHCARE LLC,DEVILBISS HEALTHCARE LLC,6,89.79591836734694,89.79591836734694,['Similitud promedio baja: 89.8%'],,
1291,non_financial_1291,ELECTRIC FUEL BV,ELECTRIC FUEL BV,ELECTRIC FUEL B.V.,12,88.23529411764706,88.23529411764706,['Similitud promedio baja: 88.2%'],,
1291,non_financial_1291,ELECTRIC FUEL BV,ELECTRIC FUEL GMBH,ELECTRIC FUEL GMBH,12,88.23529411764706,88.23529411764706,['Similitud promedio baja: 88.2%'],,
1293,non_financial_1293,FLUID ROUTING SOLUTIONS INC,FLUID ROUTING SOLUTIONS INTERMEDIATE HOLDING CORP,FLUID ROUTING SOLUTIONS INTERMEDIATE HOLDING CORP.,13,88.30188679245283,88.30188679245283,['Similitud promedio baja: 88.3%'],,
1293,non_financial_1293,FLUID ROUTING SOLUTIONS INC,FLUID ROUTING SOLUTIONS INC,"FLUID ROUTING SOLUTIONS, INC.",38,88.30188679245283,88.30188679245283,['Similitud promedio baja: 88.3%'],,
1327,non_financial_1327,TUPPERWARE PRODUCTS AG,TUPPERWARE PRODUCTS AG,TUPPERWARE PRODUCTS AG,2,88.88888888888889,88.88888888888889,['Similitud promedio baja: 88.9%'],,
1327,non_financial_1327,TUPPERWARE PRODUCTS AG,TUPPERWARE PRODUCTS INC,"TUPPERWARE PRODUCTS, INC.",2,88.88888888888889,88.88888888888889,['Similitud promedio baja: 88.9%'],,
1451,non_financial_1451,TPC AK CORP A DELAWARE CORP,TPC AK CORP A DELAWARE CORP,"TPC AK CORP., A DELAWARE CORPORATION",7,89.56338452273411,88.04878048780488,['Similitud promedio baja: 89.6%'],,
1451,non_financial_1451,TPC AK CORP A DELAWARE CORP,TPC HOLDING INC A DELAWARE CORP,"TPC HOLDING, INC., A DELAWARE CORPORATION",7,89.56338452273411,88.04878048780488,['Similitud promedio baja: 89.6%'],,
1451,non_financial_1451,TPC AK CORP A DELAWARE CORP,TPC NY CORP A DELAWARE CORP,"TPC NY CORP., A DELAWARE CORPORATION",7,89.56338452273411,88.04878048780488,['Similitud promedio baja: 89.6%'],,
1460,non_financial_1460,AT & E CORP A CORP OF DELAWARE,AT & E CORP A CORP OF DELAWARE,"AT&E CORPORATION, A CORPORATION OF DELAWARE",12,88.88888888888889,88.88888888888889,['Similitud promedio baja: 88.9%'],,
1460,non_financial_1460,AT & E CORP A CORP OF DELAWARE,AT & E CORP A CORP OF DE,"AT & E CORPORATION, A CORP. OF DE",10,88.88888888888889,88.88888888888889,['Similitud promedio baja: 88.9%'],,
1466,non_financial_1466,TVL HOLDINGS I LLC,TVL HOLDINGS I LLC,"TVL HOLDINGS I, LLC",4,88.23529411764706,88.23529411764706,['Similitud promedio baja: 88.2%'],,
1466,non_financial_1466,TVL HOLDINGS I LLC,TVL HOLDINGS INC,"TVL HOLDINGS, INC.",4,88.23529411764706,88.23529411764706,['Similitud promedio baja: 88.2%'],,
1468,non_financial_1468,ADEIA SEMICONDUCTOR BONDING TECHNOLOGIES INC,ADEIA SEMICONDUCTOR BONDING TECHNOLOGIES INC,ADEIA SEMICONDUCTOR BONDING TECHNOLOGIES INC.,26,89.41176470588236,89.41176470588236,['Similitud promedio baja: 89.4%'],,
1468,non_financial_1468,ADEIA SEMICONDUCTOR BONDING TECHNOLOGIES INC,ADEIA SEMICONDUCTOR TECHNOLOGIES LLC,ADEIA SEMICONDUCTOR TECHNOLOGIES LLC,26,89.41176470588236,89.41176470588236,['Similitud promedio baja: 89.4%'],,
1474,non_financial_1474,INFOR GLOBAL SOLUTIONS CHICAGO INC,INFOR GLOBAL SOLUTIONS MICHIGAN INC,"INFOR GLOBAL SOLUTIONS (MICHIGAN), INC.",14,89.85507246376811,89.85507246376811,['Similitud promedio baja: 89.9%'],,
1474,non_financial_1474,INFOR GLOBAL SOLUTIONS CHICAGO INC,INFOR GLOBAL SOLUTIONS CHICAGO INC,"INFOR GLOBAL SOLUTIONS (CHICAGO), INC.",26,89.85507246376811,89.85507246376811,['Similitud promedio baja: 89.9%'],,
1483,non_financial_1483,DMS HEALTH TECHNOLOGIES INC,DMS HEALTH TECHNOLOGIES INC,"DMS HEALTH TECHNOLOGIES, INC.",25,88.52459016393442,88.52459016393442,['Similitud promedio baja: 88.5%'],,
1483,non_financial_1483,DMS HEALTH TECHNOLOGIES INC,DMS HEALTH TECHNOLOGIES-CANADA INC,"DMS HEALTH TECHNOLOGIES-CANADA, INC.",13,88.52459016393442,88.52459016393442,['Similitud promedio baja: 88.5%'],,
1497,non_financial_1497,CENTRUM EQUITIES ACQUISITION LLC,CENTRUM EQUITIES ACQUISITION LLC,"CENTRUM EQUITIES ACQUISITION, LLC",24,88.3720930232558,88.3720930232558,['Similitud promedio baja: 88.4%'],,
1497,non_financial_1497,CENTRUM EQUITIES ACQUISITION LLC,CENTRUM EQUITIES XV LLC,"CENTRUM EQUITIES XV, LLC",8,88.3720930232558,88.3720930232558,['Similitud promedio baja: 88.4%'],,
1537,non_financial_1537,CEDAR ELECTRONICS HOLDINGS CORP,CEDAR ELECTRONICS HOLDINGS CORP,CEDAR ELECTRONICS HOLDINGS CORP.,4,88.52459016393442,88.52459016393442,['Similitud promedio baja: 88.5%'],,
1537,non_financial_1537,CEDAR ELECTRONICS HOLDINGS CORP,CEDAR ELECTRONICS TRADING CORP,CEDAR ELECTRONICS TRADING CORPORATION,4,88.52459016393442,88.52459016393442,['Similitud promedio baja: 88.5%'],,
1567,non_financial_1567,MUSICAM EXPRESS LLC,MUSICAM EXPRESS INC,"MUSICAM EXPRESS, INC.",6,89.47368421052632,89.47368421052632,['Similitud promedio baja: 89.5%'],,
1567,non_financial_1567,MUSICAM EXPRESS LLC,MUSICAM EXPRESS LLC,"MUSICAM EXPRESS, L.L.C.",21,89.47368421052632,89.47368421052632,['Similitud promedio baja: 89.5%'],,
1568,non_financial_1568,RAPTOR PHARMACEUTICALS INC,RAPTOR PHARMACEUTICAL CORP,RAPTOR PHARMACEUTICAL CORP.,14,88.46153846153845,88.46153846153845,['Similitud promedio baja: 88.5%'],,
1568,non_financial_1568,RAPTOR PHARMACEUTICALS INC,RAPTOR PHARMACEUTICALS INC,RAPTOR PHARMACEUTICALS INC.,21,88.46153846153845,88.46153846153845,['Similitud promedio baja: 88.5%'],,
1639,non_financial_1639,BIOMIMETIC THERAPEUTICS CANADA INC,BIOMIMETIC THERAPEUTICS CANADA INC,"BIOMIMETIC THERAPEUTICS CANADA, INC.",12,89.23076923076923,89.23076923076923,['Similitud promedio baja: 89.2%'],,
1639,non_financial_1639,BIOMIMETIC THERAPEUTICS CANADA INC,BIOMIMETIC THERAPEUTICS USA INC,"BIOMIMETIC THERAPEUTICS USA, INC.",12,89.23076923076923,89.23076923076923,['Similitud promedio baja: 89.2%'],,
1714,non_financial_1714,SUBMICRON SYSTEMS INC,SUBMICRON SYSTEMS CORP,SUBMICRON SYSTEMS CORPORATION,4,88.37209302325581,88.37209302325581,['Similitud promedio baja: 88.4%'],,
1714,non_financial_1714,SUBMICRON SYSTEMS INC,SUBMICRON SYSTEMS INC,"SUBMICRON SYSTEMS, INC.",15,88.37209302325581,88.37209302325581,['Similitud promedio baja: 88.4%'],,
1743,non_financial_1743,NOVOLYTE TECHNOLOGIES INC,NOVOLYTE TECHNOLOGIES LP,NOVOLYTE TECHNOLOGIES LP,6,89.79591836734694,89.79591836734694,['Similitud promedio baja: 89.8%'],,
1743,non_financial_1743,NOVOLYTE TECHNOLOGIES INC,NOVOLYTE TECHNOLOGIES INC,NOVOLYTE TECHNOLOGIES INC.,13,89.79591836734694,89.79591836734694,['Similitud promedio baja: 89.8%'],,
1785,non_financial_1785,ACUITY IMAGING LLC,ACUITY IMAGING LLC,ACUITY IMAGING LLC,11,88.88888888888889,88.88888888888889,['Similitud promedio baja: 88.9%'],,
1785,non_financial_1785,ACUITY IMAGING LLC,ACUITY IMAGING INC,"ACUITY IMAGING, INC.",2,88.88888888888889,88.88888888888889,['Similitud promedio baja: 88.9%'],,
1813,non_financial_1813,CIDCO COMMUNICATIONS CORP,CIDCO COMMUNICATIONS CORP,CIDCO COMMUNICATIONS CORPORATION,10,89.79591836734694,89.79591836734694,['Similitud promedio baja: 89.8%'],,
1813,non_financial_1813,CIDCO COMMUNICATIONS CORP,CIDCO COMMUNICATIONS LLC,"CIDCO COMMUNICATIONS, LLC",10,89.79591836734694,89.79591836734694,['Similitud promedio baja: 89.8%'],,
1842,non_financial_1842,XPEDITE SYSTEMS LLC,XPEDITE SYSTEMS INC,"XPEDITE SYSTEMS, INC.",3,89.47368421052632,89.47368421052632,['Similitud promedio baja: 89.5%'],,
1842,non_financial_1842,XPEDITE SYSTEMS LLC,XPEDITE SYSTEMS LLC,"XPEDITE SYSTEMS, LLC",10,89.47368421052632,89.47368421052632,['Similitud promedio baja: 89.5%'],,
1887,non_financial_1887,FAVORITE BRANDS INTERNATIONAL INC,FAVORITE BRANDS INTERNATIONAL INC,"FAVORITE BRANDS INTERNATIONAL, INC.",8,88.87096774193547,88.87096774193547,['Similitud promedio baja: 88.9%'],,
1887,non_financial_1887,FAVORITE BRANDS INTERNATIONAL INC,FAVORITE BRANDS INTERNATIONAL HOLDING CORP,FAVORITE BRANDS INTERNATIONAL HOLDING CORP.,4,88.87096774193547,88.87096774193547,['Similitud promedio baja: 88.9%'],,
1895,non_financial_1895,HUNT VALVE CO INC,HUNT VALVE CO INC,"HUNT VALVE COMPANY, INC.",3,89.87421383647798,89.62264150943396,['Similitud promedio baja: 89.9%'],,
1895,non_financial_1895,HUNT VALVE CO INC,HUNT VALVE CO INC A CORP OF OH,"HUNT VALVE COMPANY, INC., A CORP. OF OH",1,89.87421383647798,89.62264150943396,['Similitud promedio baja: 89.9%'],,
1895,non_financial_1895,HUNT VALVE CO INC,HUNT VALVE CO INC AN OH CORP,"HUNT VALVE COMPANY, INC., AN OH CORP",1,89.87421383647798,89.62264150943396,['Similitud promedio baja: 89.9%'],,
1896,non_financial_1896,IMMUNE PHARMACEUTICALS INC,IMMUNE PHARMACEUTICALS INC,IMMUNE PHARMACEUTICALS INC.,8,88.46153846153845,88.46153846153845,['Similitud promedio baja: 88.5%'],,
1896,non_financial_1896,IMMUNE PHARMACEUTICALS INC,IMMUNE PHARMACEUTICALS LTD,IMMUNE PHARMACEUTICALS LTD.,1,88.46153846153845,88.46153846153845,['Similitud promedio baja: 88.5%'],,
1920,non_financial_1920,TRUCK-LITE CO LLC,TRUCK-LITE CO LLC,"TRUCK-LITE CO., LLC",8,88.23529411764706,88.23529411764706,['Similitud promedio baja: 88.2%'],,
1920,non_financial_1920,TRUCK-LITE CO LLC,TRUCK-LITE CO INC,"TRUCK-LITE CO., INC.",6,88.23529411764706,88.23529411764706,['Similitud promedio baja: 88.2%'],,
1926,non_financial_1926,ALENCO EXTRUSION GA LLC,ALENCO EXTRUSION GA LLC,"ALENCO EXTRUSION GA, L.L.C.",7,88.3720930232558,88.3720930232558,['Similitud promedio baja: 88.4%'],,
1926,non_financial_1926,ALENCO EXTRUSION GA LLC,ALENCO EXTRUSION MANAGEMENT LLC,"ALENCO EXTRUSION MANAGEMENT, L.L.C.",7,88.3720930232558,88.3720930232558,['Similitud promedio baja: 88.4%'],,
1930,non_financial_1930,BROYHILL HOME FURNISHING INC A DELAWARE CORP,BROYHILL HOME FURNISHING INC A DELAWARE CORP,"BROYHILL HOME FURNISHING, INC., A DELAWARE CORPORATION",3,88.42105263157895,88.42105263157895,['Similitud promedio baja: 88.4%'],,
1930,non_financial_1930,BROYHILL HOME FURNISHING INC A DELAWARE CORP,BROYHILL HOME FURNISHINGS INC,"BROYHILL HOME FURNISHINGS, INC.",3,88.42105263157895,88.42105263157895,['Similitud promedio baja: 88.4%'],,
1980,non_financial_1980,FURNITURE BRANDS HOLDINGS INC,FURNITURE BRANDS HOLDINGS INC,"FURNITURE BRANDS HOLDINGS, INC.",3,89.71014492753623,89.13043478260869,['Similitud promedio baja: 89.7%'],,
1980,non_financial_1980,FURNITURE BRANDS HOLDINGS INC,FURNITURE BRANDS HOLDINGS INC A DELAWARE CORP,"FURNITURE BRANDS HOLDINGS, INC., A DELAWARE CORPORATION",3,89.71014492753623,89.13043478260869,['Similitud promedio baja: 89.7%'],,
1980,non_financial_1980,FURNITURE BRANDS HOLDINGS INC,FURNITURE BRANDS OPERATIONS INC,"FURNITURE BRANDS OPERATIONS, INC.",3,89.71014492753623,89.13043478260869,['Similitud promedio baja: 89.7%'],,
1980,non_financial_1980,FURNITURE BRANDS HOLDINGS INC,FURNITURE BRANDS OPERATIONS INC A DELAWARE CORP,"FURNITURE BRANDS OPERATIONS, INC., A DELAWARE CORPORATION",3,89.71014492753623,89.13043478260869,['Similitud promedio baja: 89.7%'],,
2067,non_financial_2067,COBURN TECHNOLOGIES INTERNATIONAL INC,COBURN TECHNOLOGIES INTERNATIONAL INC,"COBURN TECHNOLOGIES INTERNATIONAL, INC.",4,88.0,88.0,['Similitud promedio baja: 88.0%'],,
2067,non_financial_2067,COBURN TECHNOLOGIES INTERNATIONAL INC,COBURN TECHNOLOGIES INC,"COBURN TECHNOLOGIES, INC.",4,88.0,88.0,['Similitud promedio baja: 88.0%'],,
2086,non_financial_2086,LAIDLAW ENVIROMENTAL SERVICES INC,LAIDLAW ENVIROMENTAL SERVICES INC,"LAIDLAW ENVIROMENTAL SERVICES, INC.",4,91.17310875055384,88.0,['Grupo muy grande: 47 nombres'],,
2086,non_financial_2086,LAIDLAW ENVIROMENTAL SERVICES INC,LAIDLAW ENVIRONMENTAL SERVICES ALTAIR INC,"LAIDLAW ENVIRONMENTAL SERVICES (ALTAIR), INC.",4,91.17310875055384,88.0,['Grupo muy grande: 47 nombres'],,
2086,non_financial_2086,LAIDLAW ENVIROMENTAL SERVICES INC,LAIDLAW ENVIRONMENTAL SERVICES ARAGONITE INC,"LAIDLAW ENVIRONMENTAL SERVICES (ARAGONITE), INC.",4,91.17310875055384,88.0,['Grupo muy grande: 47 nombres'],,
2086,non_financial_2086,LAIDLAW ENVIROMENTAL SERVICES INC,LAIDLAW ENVIRONMENTAL SERVICES BATON ROUGE INC,"LAIDLAW ENVIRONMENTAL SERVICES (BATON ROUGE),INC.",4,91.17310875055384,88.0,['Grupo muy grande: 47 nombres'],,
2086,non_financial_2086,LAIDLAW ENVIROMENTAL SERVICES INC,LAIDLAW ENVIRONMENTAL SERVICES BDT INC,"LAIDLAW ENVIRONMENTAL SERVICES (BDT), INC.",4,91.17310875055384,88.0,['Grupo muy grande: 47 nombres'],,
2086,non_financial_2086,LAIDLAW ENVIROMENTAL SERVICES INC,LAIDLAW ENVIRONMENTAL SERVICES BRIDGEPORT INC,"LAIDLAW ENVIRONMENTAL SERVICES (BRIDGEPORT), INC.",4,91.17310875055384,88.0,['Grupo muy grande: 47 nombres'],,
2086,non_financial_2086,LAIDLAW ENVIROMENTAL SERVICES INC,LAIDLAW ENVIRONMENTAL SERVICES CLIVE INC,"LAIDLAW ENVIRONMENTAL SERVICES (CLIVE),INC.",4,91.17310875055384,88.0,['Grupo muy grande: 47 nombres'],,
2086,non_financial_2086,LAIDLAW ENVIROMENTAL SERVICES INC,LAIDLAW ENVIRONMENTAL SERVICES CUSTOM TRANSPORT INC,"LAIDLAW ENVIRONMENTAL SERVICES (CUSTOM TRANSPORT), INC.",4,91.17310875055384,88.0,['Grupo muy grande: 47 nombres'],,
2086,non_financial_2086,LAIDLAW ENVIROMENTAL SERVICES INC,LAIDLAW ENVIRONMENTAL SERVICES DEER PARK INC,"LAIDLAW ENVIRONMENTAL SERVICES (DEER PARK), INC.",4,91.17310875055384,88.0,['Grupo muy grande: 47 nombres'],,
2086,non_financial_2086,LAIDLAW ENVIROMENTAL SERVICES INC,LAIDLAW ENVIRONMENTAL SERVICES DEER TRAIL INC,"LAIDLAW ENVIRONMENTAL SERVICES (DEER TRAIL), INC.",4,91.17310875055384,88.0,['Grupo muy grande: 47 nombres'],,
2086,non_financial_2086,LAIDLAW ENVIROMENTAL SERVICES INC,LAIDLAW ENVIRONMENTAL SERVICES FS INC,"LAIDLAW ENVIRONMENTAL SERVICES (FS), INC.",4,91.17310875055384,88.0,['Grupo muy grande: 47 nombres'],,
2086,non_financial_2086,LAIDLAW ENVIROMENTAL SERVICES INC,LAIDLAW ENVIRONMENTAL SERVICES GLOUCESTER INC,"LAIDLAW ENVIRONMENTAL SERVICES (GLOUCESTER), INC.",4,91.17310875055384,88.0,['Grupo muy grande: 47 nombres'],,
2086,non_financial_2086,LAIDLAW ENVIROMENTAL SERVICES INC,LAIDLAW ENVIRONMENTAL SERVICES GS INC,"LAIDLAW ENVIRONMENTAL SERVICES (GS), INC.",4,91.17310875055384,88.0,['Grupo muy grande: 47 nombres'],,
2086,non_financial_2086,LAIDLAW ENVIROMENTAL SERVICES INC,LAIDLAW ENVIRONMENTAL SERVICES IMPERIAL VALLEY INC,"LAIDLAW ENVIRONMENTAL SERVICES (IMPERIAL VALLEY), INC.",4,91.17310875055384,88.0,['Grupo muy grande: 47 nombres'],,
2086,non_financial_2086,LAIDLAW ENVIROMENTAL SERVICES INC,LAIDLAW ENVIRONMENTAL SERVICES LOKERN INC,"LAIDLAW ENVIRONMENTAL SERVICES (LOKERN), INC.",4,91.17310875055384,88.0,['Grupo muy grande: 47 nombres'],,
2086,non_financial_2086,LAIDLAW ENVIROMENTAL SERVICES INC,LAIDLAW ENVIRONMENTAL SERVICES LOS ANGELES INC,"LAIDLAW ENVIRONMENTAL SERVICES (LOS ANGELES),INC.",4,91.17310875055384,88.0,['Grupo muy grande: 47 nombres'],,
2086,non_financial_2086,LAIDLAW ENVIROMENTAL SERVICES INC,LAIDLAW ENVIRONMENTAL SERVICES MINNEAPOLIS INC,"LAIDLAW ENVIRONMENTAL SERVICES (MINNEAPOLIS),INC.",4,91.17310875055384,88.0,['Grupo muy grande: 47 nombres'],,
2086,non_financial_2086,LAIDLAW ENVIROMENTAL SERVICES INC,LAIDLAW ENVIRONMENTAL SERVICES MT PLEASANT INC,"LAIDLAW ENVIRONMENTAL SERVICES (MT PLEASANT), INC",4,91.17310875055384,88.0,['Grupo muy grande: 47 nombres'],,
2086,non_financial_2086,LAIDLAW ENVIROMENTAL SERVICES INC,LAIDLAW ENVIRONMENTAL SERVICES NORTH EAST INC,"LAIDLAW ENVIRONMENTAL SERVICES (NORTH EAST), INC.",4,91.17310875055384,88.0,['Grupo muy grande: 47 nombres'],,
2086,non_financial_2086,LAIDLAW ENVIROMENTAL SERVICES INC,LAIDLAW ENVIRONMENTAL SERVICES PLAQUEMINE INC,"LAIDLAW ENVIRONMENTAL SERVICES (PLAQUEMINE), INC.",4,91.17310875055384,88.0,['Grupo muy grande: 47 nombres'],,
2086,non_financial_2086,LAIDLAW ENVIROMENTAL SERVICES INC,LAIDLAW ENVIRONMENTAL SERVICES PUERTO RICO INC,"LAIDLAW ENVIRONMENTAL SERVICES (PUERTO RICO), INC.",4,91.17310875055384,88.0,['Grupo muy grande: 47 nombres'],,
2086,non_financial_2086,LAIDLAW ENVIROMENTAL SERVICES INC,LAIDLAW ENVIRONMENTAL SERVICES RECOVERY INC,"LAIDLAW ENVIRONMENTAL SERVICES (RECOVERY), INC.",4,91.17310875055384,88.0,['Grupo muy grande: 47 nombres'],,
2086,non_financial_2086,LAIDLAW ENVIROMENTAL SERVICES INC,LAIDLAW ENVIRONMENTAL SERVICES ROSEMOUNT INC,"LAIDLAW ENVIRONMENTAL SERVICES (ROSEMOUNT), INC.",4,91.17310875055384,88.0,['Grupo muy grande: 47 nombres'],,
2086,non_financial_2086,LAIDLAW ENVIROMENTAL SERVICES INC,LAIDLAW ENVIRONMENTAL SERVICES SANANTONIO INC,"LAIDLAW ENVIRONMENTAL SERVICES (SAN ANTONIO), INC.",4,91.17310875055384,88.0,['Grupo muy grande: 47 nombres'],,
2086,non_financial_2086,LAIDLAW ENVIROMENTAL SERVICES INC,LAIDLAW ENVIRONMENTAL SERVICES SAN JOSE INC,"LAIDLAW ENVIRONMENTAL SERVICES (SAN JOSE), INC.",4,91.17310875055384,88.0,['Grupo muy grande: 47 nombres'],,
2086,non_financial_2086,LAIDLAW ENVIROMENTAL SERVICES INC,LAIDLAW ENVIRONMENTAL SERVICES SAWYER INC,"LAIDLAW ENVIRONMENTAL SERVICES (SAWYER), INC.",4,91.17310875055384,88.0,['Grupo muy grande: 47 nombres'],,
2086,non_financial_2086,LAIDLAW ENVIROMENTAL SERVICES INC,LAIDLAW ENVIRONMENTAL SERVICES SUSSEX INC,"LAIDLAW ENVIRONMENTAL SERVICES (SUSSEX), INC.",4,91.17310875055384,88.0,['Grupo muy grande: 47 nombres'],,
2086,non_financial_2086,LAIDLAW ENVIROMENTAL SERVICES INC,LAIDLAW ENVIRONMENTAL SERVICES TES INC,"LAIDLAW ENVIRONMENTAL SERVICES (TES), INC.",4,91.17310875055384,88.0,['Grupo muy grande: 47 nombres'],,
2086,non_financial_2086,LAIDLAW ENVIROMENTAL SERVICES INC,LAIDLAW ENVIRONMENTAL SERVICES TG INC,"LAIDLAW ENVIRONMENTAL SERVICES (TG), INC.",4,91.17310875055384,88.0,['Grupo muy grande: 47 nombres'],,
2086,non_financial_2086,LAIDLAW ENVIROMENTAL SERVICES INC,LAIDLAW ENVIRONMENTAL SERVICES THERMAL TREATMENT INC,"LAIDLAW ENVIRONMENTAL SERVICES (THERMAL TREATMENT), INC.",4,91.17310875055384,88.0,['Grupo muy grande: 47 nombres'],,
2086,non_financial_2086,LAIDLAW ENVIROMENTAL SERVICES INC,LAIDLAW ENVIRONMENTAL SERVICES TIPTON INC,"LAIDLAW ENVIRONMENTAL SERVICES (TIPTON), INC.",4,91.17310875055384,88.0,['Grupo muy grande: 47 nombres'],,
2086,non_financial_2086,LAIDLAW ENVIROMENTAL SERVICES INC,LAIDLAW ENVIRONMENTAL SERVICES TOC INC,"LAIDLAW ENVIRONMENTAL SERVICES (TOC),INC.",4,91.17310875055384,88.0,['Grupo muy grande: 47 nombres'],,
2086,non_financial_2086,LAIDLAW ENVIROMENTAL SERVICES INC,LAIDLAW ENVIRONMENTAL SERVICES TS INC,"LAIDLAW ENVIRONMENTAL SERVICES (TS), INC.",4,91.17310875055384,88.0,['Grupo muy grande: 47 nombres'],,
2086,non_financial_2086,LAIDLAW ENVIROMENTAL SERVICES INC,LAIDLAW ENVIRONMENTAL SERVICES TUCKER INC,"LAIDLAW ENVIRONMENTAL SERVICES (TUCKER), INC.",4,91.17310875055384,88.0,['Grupo muy grande: 47 nombres'],,
2086,non_financial_2086,LAIDLAW ENVIROMENTAL SERVICES INC,LAIDLAW ENVIRONMENTAL SERVICES TULSA INC,"LAIDLAW ENVIRONMENTAL SERVICES (TULSA), INC.",4,91.17310875055384,88.0,['Grupo muy grande: 47 nombres'],,
2086,non_financial_2086,LAIDLAW ENVIROMENTAL SERVICES INC,LAIDLAW ENVIRONMENTAL SERVICES US INC,"LAIDLAW ENVIRONMENTAL SERVICES (US), INC.",4,91.17310875055384,88.0,['Grupo muy grande: 47 nombres'],,
2086,non_financial_2086,LAIDLAW ENVIROMENTAL SERVICES INC,LAIDLAW ENVIRONMENTAL SERVICES WICHITA INC,"LAIDLAW ENVIRONMENTAL SERVICES (WICHITA),INC.",4,91.17310875055384,88.0,['Grupo muy grande: 47 nombres'],,
2086,non_financial_2086,LAIDLAW ENVIROMENTAL SERVICES INC,LAIDLAW ENVIRONMENTAL SERVICES WT INC,"LAIDLAW ENVIRONMENTAL SERVICES (WT), INC.",4,91.17310875055384,88.0,['Grupo muy grande: 47 nombres'],,
2086,non_financial_2086,LAIDLAW ENVIROMENTAL SERVICES INC,LAIDLAW ENVIRONMENTAL SERVICES OF BARTOW INC,"LAIDLAW ENVIRONMENTAL SERVICES OF BARTOW, INC.",4,91.17310875055384,88.0,['Grupo muy grande: 47 nombres'],,
2086,non_financial_2086,LAIDLAW ENVIROMENTAL SERVICES INC,LAIDLAW ENVIRONMENTAL SERVICES OF CALIFORNIA INC,"LAIDLAW ENVIRONMENTAL SERVICES OF CALIFORNIA, INC.",4,91.17310875055384,88.0,['Grupo muy grande: 47 nombres'],,
2086,non_financial_2086,LAIDLAW ENVIROMENTAL SERVICES INC,LAIDLAW ENVIRONMENTAL SERVICES OF CHATTANOOGA INC,"LAIDLAW ENVIRONMENTAL SERVICES OF CHATTANOOGA, INC",4,91.17310875055384,88.0,['Grupo muy grande: 47 nombres'],,
2086,non_financial_2086,LAIDLAW ENVIROMENTAL SERVICES INC,LAIDLAW ENVIRONMENTAL SERVICES OF DELAWARE INC,"LAIDLAW ENVIRONMENTAL SERVICES OF DELAWARE, INC.",4,91.17310875055384,88.0,['Grupo muy grande: 47 nombres'],,
2086,non_financial_2086,LAIDLAW ENVIROMENTAL SERVICES INC,LAIDLAW ENVIRONMENTAL SERVICES OF ILLINOIS INC,"LAIDLAW ENVIRONMENTAL SERVICES OF ILLINOIS, INC.",4,91.17310875055384,88.0,['Grupo muy grande: 47 nombres'],,
2086,non_financial_2086,LAIDLAW ENVIROMENTAL SERVICES INC,LAIDLAW ENVIRONMENTAL SERVICES OF NASHVILLE INC,"LAIDLAW ENVIRONMENTAL SERVICES OF NASHVILLE, INC.",4,91.17310875055384,88.0,['Grupo muy grande: 47 nombres'],,
2086,non_financial_2086,LAIDLAW ENVIROMENTAL SERVICES INC,LAIDLAW ENVIRONMENTAL SERVICES OF SOUTH CAROLINA INC,"LAIDLAW ENVIRONMENTAL SERVICES OF SOUTH CAROLINA, INC.",4,91.17310875055384,88.0,['Grupo muy grande: 47 nombres'],,
2086,non_financial_2086,LAIDLAW ENVIROMENTAL SERVICES INC,LAIDLAW ENVIRONMENTAL SERVICES OF WHITE CASTLE INC,"LAIDLAW ENVIRONMENTAL SERVICES OF WHITE CASTLE, INC.",4,91.17310875055384,88.0,['Grupo muy grande: 47 nombres'],,
2086,non_financial_2086,LAIDLAW ENVIROMENTAL SERVICES INC,LAIDLAW ENVIRONMENTAL INC,"LAIDLAW ENVIRONMENTAL, INC.",4,91.17310875055384,88.0,['Grupo muy grande: 47 nombres'],,
2110,non_financial_2110,SPINAL KINETICS INC,SPINAL KINETICS INC,"SPINAL KINETICS, INC.",4,89.47368421052632,89.47368421052632,['Similitud promedio baja: 89.5%'],,
2110,non_financial_2110,SPINAL KINETICS INC,SPINAL KINETICS LLC,SPINAL KINETICS LLC,3,89.47368421052632,89.47368421052632,['Similitud promedio baja: 89.5%'],,
2119,non_financial_2119,FLETCHER-TERRY CO LLC,FLETCHER-TERRY INTERCO LLC,"FLETCHER-TERRY INTERCO, LLC",2,89.36170212765957,89.36170212765957,['Similitud promedio baja: 89.4%'],,
2119,non_financial_2119,FLETCHER-TERRY CO LLC,FLETCHER-TERRY CO LLC,"THE FLETCHER-TERRY COMPANY, LLC",4,89.36170212765957,89.36170212765957,['Similitud promedio baja: 89.4%'],,
2141,non_financial_2141,CSM BAKERY PRODUCTS HOLDINGS INC,CSM BAKERY PRODUCTS HOLDINGS INC,"CSM BAKERY PRODUCTS HOLDINGS, INC.",3,89.18367346938776,89.18367346938776,['Similitud promedio baja: 89.2%'],,
2141,non_financial_2141,CSM BAKERY PRODUCTS HOLDINGS INC,CSM BAKERY PRODUCTS NA INC,"CSM BAKERY PRODUCTS NA, INC.",3,89.18367346938776,89.18367346938776,['Similitud promedio baja: 89.2%'],,
2146,non_financial_2146,GOLUB CAPITAL INC,GOLUB CAPITAL INC,GOLUB CAPITAL INCORPORATED,3,88.23529411764706,88.23529411764706,['Similitud promedio baja: 88.2%'],,
2146,non_financial_2146,GOLUB CAPITAL INC,GOLUB CAPITAL LLC,GOLUB CAPITAL LLC,1,88.23529411764706,88.23529411764706,['Similitud promedio baja: 88.2%'],,
2179,non_financial_2179,TRIBUNE BROADCASTING CO LLC,TRIBUNE BROADCASTING CO LLC,"TRIBUNE BROADCASTING COMPANY, LLC",3,89.41176470588236,89.41176470588236,['Similitud promedio baja: 89.4%'],,
2179,non_financial_2179,TRIBUNE BROADCASTING CO LLC,TRIBUNE BROADCASTING HARTFORD LLC,"TRIBUNE BROADCASTING HARTFORD, LLC",1,89.41176470588236,89.41176470588236,['Similitud promedio baja: 89.4%'],,
2179,non_financial_2179,TRIBUNE BROADCASTING CO LLC,TRIBUNE BROADCASTING INDIANAPOLIS LLC,"TRIBUNE BROADCASTING INDIANAPOLIS, LLC",1,89.41176470588236,89.41176470588236,['Similitud promedio baja: 89.4%'],,
2179,non_financial_2179,TRIBUNE BROADCASTING CO LLC,TRIBUNE BROADCASTING SEATTLE LLC,"TRIBUNE BROADCASTING SEATTLE, LLC",1,89.41176470588236,89.41176470588236,['Similitud promedio baja: 89.4%'],,
2191,non_financial_2191,ALMA PRODUCTS I INC,ALMA PRODUCTS I LLC,ALMA PRODUCTS I LLC,1,89.47368421052632,89.47368421052632,['Similitud promedio baja: 89.5%'],,
2191,non_financial_2191,ALMA PRODUCTS I INC,ALMA PRODUCTS I INC,"ALMA PRODUCTS I, INC.",2,89.47368421052632,89.47368421052632,['Similitud promedio baja: 89.5%'],,
2193,non_financial_2193,ANCRA INTERNATIONAL CORP,ANCRA INTERNATIONAL CORP A CORP OF CALIFORNIA,"ANCRA INTERNATIONAL CORPORATION, A CORP. OF CALIFORNIA",1,89.68085106382978,89.36170212765957,['Similitud promedio baja: 89.7%'],,
2193,non_financial_2193,ANCRA INTERNATIONAL CORP,ANCRA INTERNATIONAL LLC,"ANCRA INTERNATIONAL, L.L.C.",1,89.68085106382978,89.36170212765957,['Similitud promedio baja: 89.7%'],,
2193,non_financial_2193,ANCRA INTERNATIONAL CORP,ANCRA INTERNATIONAL CORP,ANCRA INTERNATIONAL CORPORATION,2,89.68085106382978,89.36170212765957,['Similitud promedio baja: 89.7%'],,
2196,non_financial_2196,ATCO PRODUCTS INC,ATCO PRODUCTS LLC,ATCO PRODUCTS LLC,1,88.23529411764706,88.23529411764706,['Similitud promedio baja: 88.2%'],,
2196,non_financial_2196,ATCO PRODUCTS INC,ATCO PRODUCTS INC,"ATCO PRODUCTS, INC.",2,88.23529411764706,88.23529411764706,['Similitud promedio baja: 88.2%'],,
2204,non_financial_2204,CARROLL HEALTHCARE INC,CARROLL HEALTHCARE INC,CARROLL HEALTHCARE INC.,2,88.37209302325581,88.37209302325581,['Similitud promedio baja: 88.4%'],,
2204,non_financial_2204,CARROLL HEALTHCARE INC,CARROLL HEALTHCARE LP,CARROLL HEALTHCARE L.P.,2,88.37209302325581,88.37209302325581,['Similitud promedio baja: 88.4%'],,
2226,non_financial_2226,INTELICOAT TECHNOLOGIES IMAGE PRODUCTS S HADLEY LLC,INTELICOAT TECHNOLOGIES IMAGE PRODUCTS S HADLEY LLC,INTELICOAT TECHNOLOGIES IMAGE PRODUCTS S. HADLEY LLC,2,88.23529411764706,88.23529411764706,['Similitud promedio baja: 88.2%'],,
2226,non_financial_2226,INTELICOAT TECHNOLOGIES IMAGE PRODUCTS S HADLEY LLC,INTELICOAT TECHNOLOGIES IMAGE PRODUCTS PORTLAND LLC,INTELICOAT TECHNOLOGIES IMAGE PRODUCTS PORTLAND LLC,1,88.23529411764706,88.23529411764706,['Similitud promedio baja: 88.2%'],,
2270,non_financial_2270,TENSAR INTERNATIONAL CORP,TENSAR INTERNATIONAL LLC,"TENSAR INTERNATIONAL, LLC",1,89.79591836734694,89.79591836734694,['Similitud promedio baja: 89.8%'],,
2270,non_financial_2270,TENSAR INTERNATIONAL CORP,TENSAR INTERNATIONAL CORP,TENSAR INTERNATIONAL CORPORATION,2,89.79591836734694,89.79591836734694,['Similitud promedio baja: 89.8%'],,
2338,non_financial_2338,NORCRAFT CO LLC,NORCRAFT CO LLC,"NORCRAFT COMPANIES, L.L.C.",1,89.65517241379311,89.65517241379311,['Similitud promedio baja: 89.7%'],,
2338,non_financial_2338,NORCRAFT CO LLC,NORCRAFT CO LP,"NORCRAFT COMPANIES, L.P.",1,89.65517241379311,89.65517241379311,['Similitud promedio baja: 89.7%'],,
2339,non_financial_2339,NORDIC REFRIGERATED SERVICES INC,NORDIC REFRIGERATED SERVICES INC,"NORDIC REFRIGERATED SERVICES, INC.",1,88.66666666666666,88.66666666666666,['Similitud promedio baja: 88.7%'],,
2339,non_financial_2339,NORDIC REFRIGERATED SERVICES INC,NORDIC REFRIGERATED SERVICES LTD PARTNERSHIP,"NORDIC REFRIGERATED SERVICES, LIMITED PARTNERSHIP",1,88.66666666666666,88.66666666666666,['Similitud promedio baja: 88.7%'],,
2341,non_financial_2341,OXFORD BIOTHERAPEUTICS INC,OXFORD BIOTHERAPEUTICS INC,OXFORD BIOTHERAPEUTICS INC.,1,88.46153846153845,88.46153846153845,['Similitud promedio baja: 88.5%'],,
2341,non_financial_2341,OXFORD BIOTHERAPEUTICS INC,OXFORD BIOTHERAPEUTICS LTD,OXFORD BIOTHERAPEUTICS LTD.,1,88.46153846153845,88.46153846153845,['Similitud promedio baja: 88.5%'],,
2350,non_financial_2350,QUEBECOR WORLD DALLAS II INC,QUEBECOR WORLD DALLAS II INC,QUEBECOR WORLD DALLAS II INC.,1,88.66666666666666,88.66666666666666,['Similitud promedio baja: 88.7%'],,
2350,non_financial_2350,QUEBECOR WORLD DALLAS II INC,QUEBECOR WORLD DALLAS LP,"QUEBECOR WORLD DALLAS, L.P.",1,88.66666666666666,88.66666666666666,['Similitud promedio baja: 88.7%'],,
2352,non_financial_2352,QUEBECOR WORLD INFINITI GRAPHICS INC,QUEBECOR WORLD INFINITI GRAPHICS INC,QUEBECOR WORLD INFINITI GRAPHICS INC.,1,89.99999999999999,89.99999999999999,['Similitud promedio baja: 90.0%'],,
2352,non_financial_2352,QUEBECOR WORLD INFINITI GRAPHICS INC,QUEBECOR WORLD UP GRAPHICS INC,QUEBECOR WORLD UP/GRAPHICS INC.,1,89.99999999999999,89.99999999999999,['Similitud promedio baja: 90.0%'],,
2352,non_financial_2352,QUEBECOR WORLD INFINITI GRAPHICS INC,QUEBECOR WORLD NORTHEAST GRAPHICS INC,QUEBECOR WORLD NORTHEAST GRAPHICS INC.,1,89.99999999999999,89.99999999999999,['Similitud promedio baja: 90.0%'],,
2353,non_financial_2353,QUEBECOR WORLD LEASE GP,QUEBECOR WORLD LEASE GP,QUEBECOR WORLD LEASE GP,1,89.36170212765957,89.36170212765957,['Similitud promedio baja: 89.4%'],,
2353,non_financial_2353,QUEBECOR WORLD LEASE GP,QUEBECOR WORLD LEASE LLC,QUEBECOR WORLD LEASE LLC,1,89.36170212765957,89.36170212765957,['Similitud promedio baja: 89.4%'],,
2354,non_financial_2354,QUEBECOR WORLD PRINTING USA CORP,QUEBECOR WORLD PRINTING USA CORP,QUEBECOR WORLD PRINTING (USA) CORP.,1,88.66666666666666,88.66666666666666,['Similitud promedio baja: 88.7%'],,
2354,non_financial_2354,QUEBECOR WORLD PRINTING USA CORP,QUEBECOR WORLD RETAIL PRINTING CORP,QUEBECOR WORLD RETAIL PRINTING CORPORATION,1,88.66666666666666,88.66666666666666,['Similitud promedio baja: 88.7%'],,
2371,non_financial_2371,PROFIT RECOVERY GROUP NETHERLANDS INC,PROFIT RECOVERY GROUP NETHERLANDS INC,"THE PROFIT RECOVERY GROUP NETHERLANDS, INC.",1,89.1891891891892,89.1891891891892,['Similitud promedio baja: 89.2%'],,
2371,non_financial_2371,PROFIT RECOVERY GROUP NETHERLANDS INC,PROFIT RECOVERY GROUP NEW ZEALAND INC,"THE PROFIT RECOVERY GROUP NEW ZEALAND, INC.",1,89.1891891891892,89.1891891891892,['Similitud promedio baja: 89.2%'],,
2372,non_financial_2372,WEATHER CHANNEL INC,WEATHER CHANNEL INC,"THE WEATHER CHANNEL, INC.",1,89.47368421052632,89.47368421052632,['Similitud promedio baja: 89.5%'],,
2372,non_financial_2372,WEATHER CHANNEL INC,WEATHER CHANNEL LLC,"THE WEATHER CHANNEL, LLC",1,89.47368421052632,89.47368421052632,['Similitud promedio baja: 89.5%'],,
